firstname;lastname;email;username;phone;gender;address;postcode;month;day;year;plainPassword
angeline;Gladu;angeline.Gladu@dayrep.com;angeline.Gladu;0653841644;f;98,Square de la Couronne OZOIR-LA-FERRIeRE;77330;10;11;1980;CsM1J3vaqHFf9
gaetan;Beausoleil;gaetan.Beausoleil@jourrapide.com;gaetan.Beausoleil;0627949723;m;81,avenue de l'Amandier BONDY;93140;3;17;1969;YUdChuKWDF029
lionel;Turcotte;lionel.Turcotte@armyspy.com;lionel.Turcotte;0673277597;m;24,Rue Marie De Medicis CALUIRE-ET-CUIRE;69300;12;17;1930;iF0dlWI42YBw9
alice;Therriault;alice.Therriault@teleworm.us;alice.Therriault;0657992675;f;79,rue Gouin de Beauchesne SAINT-OUEN;93400;12;23;1926;2CuA1S8DvKFs9
gigi;Paquette;gigi.Paquette@teleworm.us;gigi.Paquette;0685958003;f;17,Place du Jeu de Paume VIERZON;18100;5;17;1939;DKpHf1jr0UV49
caroline;Grivois;caroline.Grivois@jourrapide.com;caroline.Grivois;0646973158;f;55,Place de la Gare COMBS-LA-VILLE;77380;12;12;1937;T7iCOt3kq4Vx9
philbert;Therrien;philbert.Therrien@rhyta.com;philbert.Therrien;0686206886;m;5,avenue Voltaire MAGAGNOSC;06520;9;9;1921;HIUyEzPYlpGj9
patrick;Fontaine;patrick.Fontaine@jourrapide.com;patrick.Fontaine;0658390520;m;27,cours Franklin Roosevelt MARSEILLE;13007;7;6;1990;kTRMqHUCfY6Q9
marine;Croquetaigne;marine.Croquetaigne@dayrep.com;marine.Croquetaigne;0686192445;f;40,cours Jean Jaures BORDEAUX;33800;8;24;1995;CFHasXbKhRD29
nicolas;L'Angelier;nicolas.L'Angelier@jourrapide.com;nicolas.L'Angelier;0649523798;m;15,rue Porte d'Orange CAVAILLON;84300;1;2;1969;jQly906vuao39
nathalie;Paiement;nathalie.Paiement@rhyta.com;nathalie.Paiement;0648821671;f;79,Chemin Challet LIeVIN;62800;1;5;1922;3HrteLu0PiE49
marise;Bisson;marise.Bisson@teleworm.us;marise.Bisson;0614888739;f;48,boulevard de Prague NÎMES;30900;10;17;1939;40qNervYpUZw9
josephe;Blais;josephe.Blais@dayrep.com;josephe.Blais;0648416065;f;40,rue Reine Elisabeth MELUN;77000;10;6;1991;tGaWblfjVdPS9
renee;Champagne;renee.Champagne@teleworm.us;renee.Champagne;0682616345;f;83,rue de la Boetie POINTE-À-PITRE;97110;10;17;1943;ueP26otpJX4R9
roland;Fouquet;roland.Fouquet@dayrep.com;roland.Fouquet;0698002283;m;33,rue Marguerite VIRY-CHÂTILLON;91170;9;13;1940;52IA03Np1bjS9
armelle;Marier;armelle.Marier@rhyta.com;armelle.Marier;0622884269;f;43,rue Michel Ange LE LAMENTIN;97232;4;17;1960;KIRy6YwvermJ9
dimitri;Beriault;dimitri.Beriault@rhyta.com;dimitri.Beriault;0633318009;m;64,rue Clement Marot PERPIGNAN;66000;5;9;1957;DlIU2QG4FXka9
rosalie;Leduc;rosalie.Leduc@rhyta.com;rosalie.Leduc;0612948154;f;83,rue des lieutemants Thomazo DOLE;39100;3;20;1997;kjuVNvL2qmE59
fabien;Rochon;fabien.Rochon@armyspy.com;fabien.Rochon;0679512698;m;28,Avenue Millies Lacroix DUNKERQUE;59640;3;14;1985;woQ7a1AvBm0x9
carine;David;carine.David@armyspy.com;carine.David;0613917468;f;98,rue Ernest Renan CHERBOURG;50100;10;21;1949;KGOzBD0xuJ1g9
marie;Pinneau;marie.Pinneau@jourrapide.com;marie.Pinneau;0663176820;f;1,boulevard Albin Durand CERGY;95800;9;4;1947;gYC81Z0R7QJx9
pascal;Sauve;pascal.Sauve@teleworm.us;pascal.Sauve;0634157412;m;86,Rue Bonnet VITROLLES;13127;8;21;1933;vQHeBN41cjRt9
fabienne;Brian;fabienne.Brian@dayrep.com;fabienne.Brian;0630496090;f;38,rue Sebastopol SAINTE-GENEVIeVE-DES-BOIS;91700;7;28;1984;eT20N5AvUGZH9
arlette;Lagrange;arlette.Lagrange@jourrapide.com;arlette.Lagrange;0606888967;f;50,Place Charles de Gaulle VILLENEUVE-D'ASCQ;59650;5;28;1965;DV1TF7P2lXMv9
chantal;Leroy;chantal.Leroy@teleworm.us;chantal.Leroy;0684096667;f;58,rue Marie de Medicis BeTHUNE;62400;7;14;1944;zRgMB0T685il9
yseult;Lavoie;yseult.Lavoie@dayrep.com;yseult.Lavoie;0618077973;f;13,rue Marguerite VINCENNES;94300;9;10;1953;pUro0XqJj6n99
baudouin;Cyr;baudouin.Cyr@teleworm.us;baudouin.Cyr;0611651457;m;8,Chemin des Bateliers ALENÇON;61000;11;4;1933;yS4KxiRPpN569
cesar;Guimond;cesar.Guimond@jourrapide.com;cesar.Guimond;0699962315;m;86,boulevard Bryas CReTEIL;94000;8;3;1944;01yxvIQ9JmrO9
sylvaine;Chicoine;sylvaine.Chicoine@dayrep.com;sylvaine.Chicoine;0658805692;f;35,rue Jean-Monnet GONESSE;95500;6;24;1990;P40OkSfleMCX9
gabriel;Durand;gabriel.Durand@teleworm.us;gabriel.Durand;0663412082;m;85,rue Cazade DRAVEIL;91210;11;9;1955;X9YblfVAqHC39
lunete;Charpentier;lunete.Charpentier@rhyta.com;lunete.Charpentier;0686868031;f;23,rue Gustave Eiffel ROANNE;42300;8;12;1929;6eosmfELw4239
hercule;Caron;hercule.Caron@dayrep.com;hercule.Caron;0673455596;m;1,Avenue De Marlioz ARGENTEUIL;95100;4;19;1942;Bfe86yDpl0vb9
auguste;Joly;auguste.Joly@jourrapide.com;auguste.Joly;0669634154;m;21,rue du Faubourg National THIONVILLE;57100;8;4;1968;MVKoyuxLp2G09
ghislain;Baron;ghislain.Baron@jourrapide.com;ghislain.Baron;0695071342;m;44,rue Banaudon LYON;69006;4;2;1936;Veg18noWQ0Xa9
zephyrine;Robitaille;zephyrine.Robitaille@dayrep.com;zephyrine.Robitaille;0660015149;f;65,Cours Marechal-Joffre DeCINES-CHARPIEU;69150;2;2;1995;XpRT8tFwDlCy9
godelieve;Montminy;godelieve.Montminy@armyspy.com;godelieve.Montminy;0644096121;m;69,rue Sadi Carnot AUBERVILLIERS;93300;5;24;1996;kvtIQ2Kifwo19
theophile;Courcelle;theophile.Courcelle@teleworm.us;theophile.Courcelle;0645957479;m;81,rue de Groussay ROCHEFORT;17300;10;16;1925;NxyigEF2YjPp9
augustin;Labrecque;augustin.Labrecque@jourrapide.com;augustin.Labrecque;0665386865;m;35,rue Descartes STRASBOURG;67200;12;27;1958;xGyMobWZ67v39
reynaud;Barrientos;reynaud.Barrientos@teleworm.us;reynaud.Barrientos;0651418889;m;17,rue Isambard FRESNES;94260;7;17;1967;95vBQpt6FbeA9
celeste;Girard;celeste.Girard@armyspy.com;celeste.Girard;0640190483;f;70,boulevard de Prague NOGENT-SUR-MARNE;94130;8;22;1940;tILAODT6w8p29
eulalie;Descoteaux;eulalie.Descoteaux@jourrapide.com;eulalie.Descoteaux;0620401715;f;23,Avenue Millies Lacroix EAUBONNE;95600;11;13;1938;Qsh7wbxMqutm9
myriam;Laforest;myriam.Laforest@jourrapide.com;myriam.Laforest;0681747041;f;80,rue Michel Ange LE HAVRE;76600;3;1;1973;LeFzlMafknQU9
olivier;Mailly;olivier.Mailly@rhyta.com;olivier.Mailly;0606476964;m;79,rue des lieutemants Thomazo DIJON;21000;7;25;1946;ak98U0iAHJog9
constantin;Guerette;constantin.Guerette@teleworm.us;constantin.Guerette;0678512129;m;9,rue de la Hulotais SAINT-POL-SUR-MER;59430;6;2;1983;LZyb7O9oe2Jg9
sylvain;Thibault;sylvain.Thibault@jourrapide.com;sylvain.Thibault;0660346015;m;28,rue Adolphe Wurtz LE PLESSIS-ROBINSON;92350;12;21;1960;bWaQB5fexsqi9
robert;Demers;robert.Demers@jourrapide.com;robert.Demers;0677086319;m;26,rue Sadi Carnot AURILLAC;15000;8;18;1925;ULcEBKa309qb9
alison;Sansouci;alison.Sansouci@teleworm.us;alison.Sansouci;0647373254;f;82,place Maurice-Charretier CHARENTON-LE-PONT;94220;5;13;1953;liZGnOw69H139
aline;Beaudry;aline.Beaudry@armyspy.com;aline.Beaudry;0624146282;f;67,rue de la Mare aux Carats MONTPELLIER;34080;12;26;1945;eXIcQhCMY9aK9
adele;Dandonneau;adele.Dandonneau@jourrapide.com;adele.Dandonneau;0679785837;f;96,rue Clement Marot PERPIGNAN;66100;12;20;1923;m3zgrxfhMHeY9
violette;Dagenais;violette.Dagenais@dayrep.com;violette.Dagenais;0617388423;f;7,place de Miremont VILLENEUVE-LA-GARENNE;92390;4;1;1961;sn6chUJt0Nwz9
edwige;Bienvenue;edwige.Bienvenue@teleworm.us;edwige.Bienvenue;0620904726;f;5,boulevard Albin Durand CHÂLONS-EN-CHAMPAGNE;51000;6;15;1928;r10EA6duzblY9
yannic;Seguin;yannic.Seguin@teleworm.us;yannic.Seguin;0656968695;m;11,avenue de Provence VANNES;56000;4;6;1998;vTEkQyl0Ca3c9
noemie;Salois;noemie.Salois@dayrep.com;noemie.Salois;0658036049;f;69,Quai des Belges MAUBEUGE;59600;8;19;1934;aNtT3s2BDgqv9
gwenaelle;Provencher;gwenaelle.Provencher@rhyta.com;gwenaelle.Provencher;0697011558;f;16,rue Leon Dierx LIMOGES;87280;8;7;1976;keVXbnYO0P1s9
toussaint;Pomerleau;toussaint.Pomerleau@dayrep.com;toussaint.Pomerleau;0636746218;m;29,rue de Raymond Poincare NARBONNE;11100;4;8;1961;jGoLintuWhON9
prosper;Coupart;prosper.Coupart@rhyta.com;prosper.Coupart;0626368284;m;94,rue de l'Epeule ROUBAIX;59100;3;22;1958;aXIMK89fZ20j9
christophe;Ouellet;christophe.Ouellet@jourrapide.com;christophe.Ouellet;0659280477;m;91,rue du Paillle en queue LEVALLOIS-PERRET;92300;11;12;1950;mWtApUwJaYSv9
herbert;Sabourin;herbert.Sabourin@teleworm.us;herbert.Sabourin;0602756050;m;85,Avenue des Pr'es MONTPELLIER;34000;1;10;1998;4IjgqtZzyMDR9
leandre;Labbe;leandre.Labbe@teleworm.us;leandre.Labbe;0683099428;m;97,rue du President Roosevelt SAVIGNY-SUR-ORGE;91600;12;14;1924;0rkQbwsKeBC29
delphine;Daigneault;delphine.Daigneault@armyspy.com;delphine.Daigneault;0686689373;f;49,rue Victor Hugo CONCARNEAU;29900;7;3;1970;af9Zyhrknu2i9
claudine;Durand;claudine.Durand@jourrapide.com;claudine.Durand;0671164888;f;95,rue de Groussay ROMAINVILLE;93230;5;1;1966;130nswlUd6G09
hermine;Berube;hermine.Berube@teleworm.us;hermine.Berube;0618154591;f;24,boulevard Bryas CReTEIL;94000;4;13;1943;VGgB01hRdKbP9
rodrigue;Cailot;rodrigue.Cailot@teleworm.us;rodrigue.Cailot;0682102588;m;15,quai Saint-Nicolas TOURNEFEUILLE;31170;2;27;1940;BLhMd7kyeH0v9
genevieve;Lagueux;genevieve.Lagueux@jourrapide.com;genevieve.Lagueux;0667788005;f;11,rue Victor Hugo CORBEIL-ESSONNES;91100;8;23;1972;qpwJCQkg3x9L9
annette;Deziel;annette.Deziel@armyspy.com;annette.Deziel;0626452102;f;77,Rue Frederic Chopin VERNON;27200;7;15;1930;8BnaiMlgzdIL9
yann;Grandpre;yann.Grandpre@dayrep.com;yann.Grandpre;0607856622;m;69,Faubourg Saint Honore PAU;64000;6;4;1943;cUuvjkenAh639
mignon;Fugere;mignon.Fugere@teleworm.us;mignon.Fugere;0665857435;f;1,avenue Ferdinand de Lesseps GRADIGNAN;33170;5;16;1967;D10NW2pwZdXV9
andree;Boncoeur;andree.Boncoeur@rhyta.com;andree.Boncoeur;0624398864;f;89,rue de la Mare aux Carats MONTPELLIER;34080;7;3;1950;HGz4DhIZoObi9
annette;Daigle;annette.Daigle@teleworm.us;annette.Daigle;0690110887;f;75,boulevard Amiral Courbet ORVAULT;44700;12;10;1974;AUreZI7EBwx49
adam;Moïse;adam.Moïse@teleworm.us;adam.Moïse;0618049187;m;12,rue de Groussay ROMAINVILLE;93230;1;8;1941;FwnoHR2vCkcA9
lea;Benoit;lea.Benoit@dayrep.com;lea.Benoit;0647928444;f;20,Rue Frederic Chopin VESOUL;70000;6;12;1960;f9z50n82opue9
dennis;Patenaude;dennis.Patenaude@armyspy.com;dennis.Patenaude;0615428245;m;67,Place de la Madeleine PARIS;75010;11;27;1936;RlWL7UuYqZ0z9
esme;Plante;esme.Plante@teleworm.us;esme.Plante;0605661497;m;3,rue Sebastopol SAINTE-GENEVIeVE-DES-BOIS;91700;8;23;1960;9pr1RXdlPqN29
ignace;Ruais;ignace.Ruais@dayrep.com;ignace.Ruais;0614380771;m;52,avenue Jules Ferry SIX-FOURS-LES-PLAGES;83140;6;11;1993;0rk6dvlfwoe49
melissa;Bilodeau;melissa.Bilodeau@jourrapide.com;melissa.Bilodeau;0691919388;f;71,avenue de l'Amandier BONDY;93140;6;26;1921;DAR1Unkzi29f9
franck;Lagrange;franck.Lagrange@jourrapide.com;franck.Lagrange;0671833592;m;6,avenue Voltaire MAISONS-LAFFITTE;78600;2;15;1929;kgwSXhFixjVa9
odile;Deziel;odile.Deziel@teleworm.us;odile.Deziel;0652064431;f;56,rue du Fosse des Tanneurs TOULON;83000;1;13;1922;3b5x2pgSto719
pauline;Mathieu;pauline.Mathieu@rhyta.com;pauline.Mathieu;0614113666;f;81,rue Marguerite VINCENNES;94300;5;3;1933;B0qDf4LM7igH9
laurette;Laderoute;laurette.Laderoute@dayrep.com;laurette.Laderoute;0698226944;f;89,rue Pierre Motte SAINT-DIe;88100;3;6;1997;cI6driMA9OWC9
renee;Marcheterre;renee.Marcheterre@dayrep.com;renee.Marcheterre;0678349863;f;59,Avenue des Pr'es MONTLUÇON;03100;3;16;1955;bc8fnKEXGASJ9
anne;Pariseau;anne.Pariseau@dayrep.com;anne.Pariseau;0611766072;f;89,rue de la Boetie POITIERS;86000;12;2;1990;FpNAIL2WJyOY9
herbert;Gregoire;herbert.Gregoire@rhyta.com;herbert.Gregoire;0678481946;m;7,quai Saint-Nicolas TOULOUSE;31500;8;14;1951;WS0NtE7OI8wa9
françoise;Beaudoin;françoise.Beaudoin@armyspy.com;françoise.Beaudoin;0660268938;f;47,rue Pierre Motte SAINT-DENIS;97400;7;27;1923;iJ0VKOySnazt9
aurele;Norbert;aurele.Norbert@jourrapide.com;aurele.Norbert;0651563011;m;92,boulevard Bryas DAMMARIE-LES-LYS;77190;2;23;1925;e79MLkva3G1S9
monique;Parenteau;monique.Parenteau@jourrapide.com;monique.Parenteau;0678874075;f;55,Rue de la Pompe MAMOUDZOU;97600;12;6;1920;XiRKm8Sqp4yg9
marguerite;Monty;marguerite.Monty@teleworm.us;marguerite.Monty;0679656349;f;46,rue La Boetie PARIS;75014;6;21;1951;BTh5UjaY9uQC9
simon;Lalonde;simon.Lalonde@rhyta.com;simon.Lalonde;0656639201;m;93,rue de Raymond Poincare NANTES;44200;11;19;1947;QRYboXg3utsy9
anatole;Michaud;anatole.Michaud@dayrep.com;anatole.Michaud;0636285944;m;48,Rue du Limas BASSE-TERRE;97100;7;8;1982;QmKJrDfxNT0A9
baptiste;Marier;baptiste.Marier@jourrapide.com;baptiste.Marier;0634370002;m;53,rue Gustave Eiffel RIS-ORANGIS;91000;10;9;1937;0216axU9dyCo9
vienne;Bonami;vienne.Bonami@teleworm.us;vienne.Bonami;0621137766;f;65,rue Beauvau MARSEILLE;13001;10;14;1956;KfDUAGgtyO5M9
urbain;Brian;urbain.Brian@teleworm.us;urbain.Brian;0687109655;m;53,Rue du Palais ePERNAY;51200;4;3;1979;tIc85Nv6LD7o9
sylvie;Batard;sylvie.Batard@armyspy.com;sylvie.Batard;0669365736;f;32,rue du Clair Bocage LA VARENNE-SAINT-HILAIRE;94210;5;10;1985;E2uCwHQiAvzj9
renaud;edouard;renaud.edouard@armyspy.com;renaud.edouard;0693241933;m;75,rue Leon Dierx LIVRY-GARGAN;93190;5;12;1970;3HsLISfruwjk9
adam;Daigneault;adam.Daigneault@dayrep.com;adam.Daigneault;0655413041;m;70,place Stanislas NANTES;44100;3;5;1976;0vGLtwQ8TMaJ9
rosette;Chartier;rosette.Chartier@dayrep.com;rosette.Chartier;0691159063;f;36,rue Leon Dierx LIVRY-GARGAN;93190;1;18;1978;b4sODHro8SCy9
lucrece;Lafreniere;lucrece.Lafreniere@teleworm.us;lucrece.Lafreniere;0643046430;f;41,rue Marguerite VILLIERS-SUR-MARNE;94350;5;3;1977;t0jgHdXrGoqz9
osanne;Faucher;osanne.Faucher@rhyta.com;osanne.Faucher;0620166752;f;79,avenue de l'Amandier BOIS-COLOMBES;92270;6;27;1922;AOFHJikTsb8D9
amarante;Lemelin;amarante.Lemelin@dayrep.com;amarante.Lemelin;0695962982;f;26,rue Gontier-Patin AIX-EN-PROVENCE;13100;1;19;1984;KWeztNxcRgaG9
hannah;Panetier;hannah.Panetier@teleworm.us;hannah.Panetier;0626041092;f;69,Rue Frederic Chopin VICHY;03200;6;8;1956;CdZJ9k847bAr9
gilbert;Deslauriers;gilbert.Deslauriers@rhyta.com;gilbert.Deslauriers;0688678696;m;69,rue Petite Fusterie BOURG-EN-BRESSE;01000;5;21;1973;ExCi2nvg7asl9
laurent;Lapierre;laurent.Lapierre@rhyta.com;laurent.Lapierre;0632762763;m;82,boulevard de Prague NIORT;79000;2;3;1960;Drqj4kHMTWtx9
ozanne;Mazuret;ozanne.Mazuret@jourrapide.com;ozanne.Mazuret;0618349066;f;84,Chemin Des Bateliers ANGOULeME;16000;10;22;1932;52GjslKRcE3H9
charlotte;Briard;charlotte.Briard@dayrep.com;charlotte.Briard;0645590507;f;15,avenue du Marechal Juin SAINT-LOUIS;68300;6;20;1921;vIg0ac5fMP9K9
aurelien;Beaudoin;aurelien.Beaudoin@rhyta.com;aurelien.Beaudoin;0644547833;m;25,rue de la Hulotais SAINT-QUENTIN;02100;11;12;1960;y7jUZEKdcV639
raymonde;Vachon;raymonde.Vachon@armyspy.com;raymonde.Vachon;0689347855;f;90,rue Banaudon LYON;69007;11;27;1985;21yLG638tSCm9
hermine;Viens;hermine.Viens@dayrep.com;hermine.Viens;0601582297;f;13,rue Marguerite VINCENNES;94300;6;22;1945;uhsxIekzGQXw9
regine;Fecteau;regine.Fecteau@rhyta.com;regine.Fecteau;0698852498;f;49,Place du Jeu de Paume VIENNE;38200;5;26;1939;1lZ72csaY9yT9
laurentine;Grimard;laurentine.Grimard@armyspy.com;laurentine.Grimard;0665220265;f;69,rue du Faubourg National TAVERNY;95150;9;3;1994;KmCSaIip0fhX9
antoinette;Busson;antoinette.Busson@dayrep.com;antoinette.Busson;0608873549;f;84,rue Ernest Renan CHAUMONT;52000;1;13;1958;FE3wo9a5rGVZ9
philibert;Galarneau;philibert.Galarneau@dayrep.com;philibert.Galarneau;0648585173;m;64,avenue du Marechal Juin SAINT-LÔ;50000;2;27;1989;nwfUmKiASE5J9
liane;Leclerc;liane.Leclerc@jourrapide.com;liane.Leclerc;0683923170;f;16,Avenue des Tuileries GUeRET;23000;4;28;1998;uZU7OM5LJsyE9
leonne;Panetier;leonne.Panetier@teleworm.us;leonne.Panetier;0673051445;f;25,Cours Marechal-Joffre DIEPPE;76200;10;10;1937;wn7qYITx90Cz9
genevieve;Beaudry;genevieve.Beaudry@rhyta.com;genevieve.Beaudry;0631383178;f;76,boulevard de Prague NOISY-LE-GRAND;93160;9;9;1972;JrEY0lHidfXj9
sebastienne;Mousseau;sebastienne.Mousseau@jourrapide.com;sebastienne.Mousseau;0671279607;f;42,rue Grande Fusterie BRUNOY;91800;1;13;1935;kjdKV0oLh02Z9
chantal;Daoust;chantal.Daoust@jourrapide.com;chantal.Daoust;0690746503;f;47,Rue Hubert de Lisle LORMONT;33310;2;16;1978;LnVuwpAbZ2E39
lucien;Tessier;lucien.Tessier@jourrapide.com;lucien.Tessier;0641206214;m;81,Rue de la Pompe MARIGNANE;13700;5;23;1973;bTu3IiRa4clG9
ghislain;Dubois;ghislain.Dubois@teleworm.us;ghislain.Dubois;0631370171;m;80,rue Descartes SUCY-EN-BRIE;94370;4;24;1948;3yN0AVXZSbDI9
georgine;Coupart;georgine.Coupart@rhyta.com;georgine.Coupart;0662898192;f;50,rue du General Ailleret LES ABYMES;97142;9;5;1923;1OvVNu2BLwRx9
sibylle;Sarrazin;sibylle.Sarrazin@armyspy.com;sibylle.Sarrazin;0666882854;f;18,rue Sadi Carnot AURILLAC;15000;10;26;1979;kchgHQqWRYV39
aline;Guilmette;aline.Guilmette@dayrep.com;aline.Guilmette;0626397905;f;84,Avenue des Tuileries GUYANCOURT;78280;6;17;1951;KeEcrdwnoh3T9
fernande;De;fernande.De@jourrapide.com;fernande.De;0680899199;f;98,rue des Dunes SAINT-MeDARD-EN-JALLES;33160;12;10;1930;7mBNZ4y2GSik9
jeanine;Corbin;jeanine.Corbin@armyspy.com;jeanine.Corbin;0632919754;f;67,Place du Jeu de Paume VIENNE;38200;1;19;1928;jyBFtef3xIW09
leontine;Mailhot;leontine.Mailhot@armyspy.com;leontine.Mailhot;0625976222;f;56,Boulevard de Normandie FONTENAY-AUX-ROSES;92260;8;9;1932;2eX30DqtznkV9
sylvianne;Roux;sylvianne.Roux@jourrapide.com;sylvianne.Roux;0600348320;f;96,rue Grande Fusterie BRUNOY;91800;2;17;1942;ItPT5CQlRZhw9
christelle;Jacques;christelle.Jacques@jourrapide.com;christelle.Jacques;0699492693;f;60,rue du Fosse des Tanneurs TOULON;83000;5;4;1989;zsluJ00qovSn9
olivier;Beaujolie;olivier.Beaujolie@jourrapide.com;olivier.Beaujolie;0602952451;m;50,Rue Marie De Medicis CAMBRAI;59400;7;20;1965;ZwJ92bLnPgdN9
micheline;Ricard;micheline.Ricard@rhyta.com;micheline.Ricard;0665540673;f;87,rue du General Ailleret LES LILAS;93260;5;14;1957;cPpLSqKE7zho9
gilberte;Sacre;gilberte.Sacre@dayrep.com;gilberte.Sacre;0688482597;f;41,Avenue des Pr'es MONTIGNY-LeS-METZ;57158;3;12;1941;BgXZCQ8h7WvA9
avril;Bois;avril.Bois@rhyta.com;avril.Bois;0630524708;f;74,rue du Château SAINT-GERMAIN-EN-LAYE;78100;12;16;1974;M96ydiEGwIu29
zacharie;Lebrun;zacharie.Lebrun@jourrapide.com;zacharie.Lebrun;0611033578;m;95,place de Miremont VILLEPINTE;93420;8;25;1958;gpXkrO4oTlt79
gilles;Cailot;gilles.Cailot@teleworm.us;gilles.Cailot;0613185612;m;46,boulevard Bryas COURBEVOIE;92400;3;22;1923;rkeMI4a1tFwU9
gaetane;Corbin;gaetane.Corbin@jourrapide.com;gaetane.Corbin;0659081040;f;77,rue des Coudriers MOULINS;03000;7;11;1975;u87AbJCp3xWw9
madeleine;Bousquet;madeleine.Bousquet@rhyta.com;madeleine.Bousquet;0650143472;f;98,avenue du Marechal Juin SAINT-LOUIS;97450;8;27;1992;RwBhOLZArs9q9
yves;Guay;yves.Guay@jourrapide.com;yves.Guay;0643031557;m;96,rue de Lille ATHIS-MONS;91200;7;6;1991;GoUpkJmO0ZIr9
david;Clavet;david.Clavet@armyspy.com;david.Clavet;0677019834;m;78,rue Petite Fusterie BREST;29200;5;9;1959;tSYFKodHcnmV9
sabine;Marceau;sabine.Marceau@rhyta.com;sabine.Marceau;0664643709;f;69,rue Grande Fusterie BReTIGNY-SUR-ORGE;91220;7;22;1989;XhcEjKpYznkM9
sebastien;Bourgouin;sebastien.Bourgouin@armyspy.com;sebastien.Bourgouin;0641261587;m;73,rue de l'Aigle LA MADELEINE;59110;11;1;1958;M5803abZ9n1u9
marcelle;Gauvin;marcelle.Gauvin@armyspy.com;marcelle.Gauvin;0608123333;f;88,Square de la Couronne PANTIN;93500;11;10;1936;Hapn0Q7J0bCw9
jerome;Aubin;jerome.Aubin@jourrapide.com;jerome.Aubin;0665470153;m;10,rue Pierre Motte SAINT-DENIS;97400;3;17;1993;DfUkquPWtw7X9
sandrine;Letourneau;sandrine.Letourneau@jourrapide.com;sandrine.Letourneau;0623847295;f;78,Chemin Des Bateliers ANGERS;49000;10;19;1932;EBXfj49Z3Goc9
sandrine;Brasseur;sandrine.Brasseur@teleworm.us;sandrine.Brasseur;0607381157;f;89,boulevard Bryas CReTEIL;94000;3;8;1989;0nrS2lDvQ0Ki9
horace;Flamand;horace.Flamand@teleworm.us;horace.Flamand;0678705561;m;60,Avenue des Pr'es MONTLUÇON;03100;8;27;1954;YswmSh04On1q9
roger;Echeverri;roger.Echeverri@dayrep.com;roger.Echeverri;0607372345;m;71,place Stanislas NANCY;54000;5;28;1980;ZA3V8QbBn2eS9
rosine;Beauchemin;rosine.Beauchemin@dayrep.com;rosine.Beauchemin;0651443944;f;44,rue Pierre Motte SAINT-DIe;88100;11;17;1941;LZnr0p863VEw9
urbain;Cuillerier;urbain.Cuillerier@dayrep.com;urbain.Cuillerier;0617887858;m;17,Chemin Du Lavarin Sud CAHORS;46000;6;10;1930;qCxX7eB0pIoD9
irene;Beausoleil;irene.Beausoleil@jourrapide.com;irene.Beausoleil;0627618133;m;72,rue Banaudon LYON;69005;9;16;1928;xIHPt4uFyZBX9
lucas;Chartre;lucas.Chartre@jourrapide.com;lucas.Chartre;0653336602;m;83,rue des Nations Unies SAINT-CHAMOND;42400;4;19;1979;qjYuEo3FfyhZ9
gerard;Mathieu;gerard.Mathieu@teleworm.us;gerard.Mathieu;0608643737;m;39,rue Victor Hugo CORBEIL-ESSONNES;91100;11;27;1927;Rc7PBDtXSJ8z9
monique;Bourque;monique.Bourque@teleworm.us;monique.Bourque;0635206812;f;19,rue Clement Marot PESSAC;33600;4;2;1933;KBok6lEDGq0u9
serge;Couet;serge.Couet@rhyta.com;serge.Couet;0612047143;m;44,rue Charles Corbeau eVREUX;27000;5;18;1956;1CIa0R6k4wYF9
donat;Louis;donat.Louis@armyspy.com;donat.Louis;0686380039;m;27,place Stanislas NANTES;44000;3;19;1967;ESV6qClskaGg9
claude;Therriault;claude.Therriault@rhyta.com;claude.Therriault;0690826730;m;18,rue des lieutemants Thomazo DRAGUIGNAN;83300;1;20;1992;8Vt3ZAlRE5Mq9
germain;Dionne;germain.Dionne@teleworm.us;germain.Dionne;0682174620;m;9,rue Gouin de Beauchesne SAINT-OUEN;93400;10;1;1986;uwd2Hc68rZR49
absolon;Lafond;absolon.Lafond@jourrapide.com;absolon.Lafond;0634404302;m;8,rue Marguerite VILLEURBANNE;69100;2;11;1935;lMudcH9g6efB9
denise;Sciverit;denise.Sciverit@jourrapide.com;denise.Sciverit;0613219139;f;32,rue Michel Ange LE LAMENTIN;97232;12;17;1996;CiJjFk2AuV9a9
gerard;Chastain;gerard.Chastain@dayrep.com;gerard.Chastain;0665371826;m;54,rue Bonneterie MIRAMAS;13140;10;20;1950;1k2I3uWy4jBo9
lucien;Pelchat;lucien.Pelchat@rhyta.com;lucien.Pelchat;0644952306;m;55,Chemin Du Lavarin Sud CAHORS;46000;4;20;1939;fSsvQPK4NqD09
christine;Patenaude;christine.Patenaude@dayrep.com;christine.Patenaude;0621928731;f;64,Place de la Madeleine PARIS;75011;11;4;1937;UBZpq50QVudY9
flavie;Paradis;flavie.Paradis@jourrapide.com;flavie.Paradis;0621535688;f;99,place Stanislas NANCY;54000;9;23;1966;AIYmG8qF7a3s9
maximilien;Fouquet;maximilien.Fouquet@dayrep.com;maximilien.Fouquet;0636278115;m;46,Rue de Verdun MONTFERMEIL;93370;3;2;1996;ZDdazuqrJiBO9
prosper;Frechette;prosper.Frechette@rhyta.com;prosper.Frechette;0643750360;m;79,Rue Marie De Medicis CALUIRE-ET-CUIRE;69300;1;15;1948;WpL4UCcnI5ib9
marcelline;Gaudreau;marcelline.Gaudreau@dayrep.com;marcelline.Gaudreau;0669323582;f;83,avenue Jean Portalis TRAPPES;78190;1;9;1985;yWmBMcr0xtP79
jeanine;Berthiaume;jeanine.Berthiaume@armyspy.com;jeanine.Berthiaume;0634099926;f;26,Rue du Palais ePERNAY;51200;8;10;1973;vwoYPXS8gnDm9
gisselle;Goudreau;gisselle.Goudreau@teleworm.us;gisselle.Goudreau;0636176204;f;24,Place Charles de Gaulle VILLENEUVE-D'ASCQ;59650;9;9;1950;JEjscW0A52pO9
lucille;Deserres;lucille.Deserres@dayrep.com;lucille.Deserres;0699522472;f;89,Rue Bonnet YERRES;91330;7;26;1932;Yts5BE3gaM8n9
camille;Pouchard;camille.Pouchard@armyspy.com;camille.Pouchard;0687493768;f;52,rue Gouin de Beauchesne SAINT-MICHEL-SUR-ORGE;91240;7;14;1928;2d6T8AlPwD3n9
zoe;Deniger;zoe.Deniger@teleworm.us;zoe.Deniger;0690505456;f;85,Rue du Limas BEAUNE;21200;7;12;1922;fRZKoBaU4nNe9
amarante;Leroy;amarante.Leroy@jourrapide.com;amarante.Leroy;0667194277;f;79,boulevard de Prague NOISY-LE-GRAND;93160;7;6;1974;bAB04dkYgi0Z9
diane;Charette;diane.Charette@rhyta.com;diane.Charette;0632540962;f;34,rue de Raymond Poincare NARBONNE;11100;6;26;1962;MnrEyQOf0XUH9
carole;Benjamin;carole.Benjamin@rhyta.com;carole.Benjamin;0605911554;f;7,rue de l'Epeule ROUBAIX;59100;2;28;1941;Kczj9WAG0nma9
eliane;de;eliane.de@rhyta.com;eliane.de;0615495836;f;34,rue Adolphe Wurtz LE PETIT-QUEVILLY;76140;10;15;1992;kYwAV0JlTQXp9
pierrick;Tachel;pierrick.Tachel@dayrep.com;pierrick.Tachel;0679828008;m;20,rue de la Republique LUNeVILLE;54300;3;25;1954;gDo3jz4PQWMn9
virginie;Cotuand;virginie.Cotuand@dayrep.com;virginie.Cotuand;0654581081;f;16,rue Lenotre RENNES;35200;6;17;1960;mdVO0irko7q49
charlot;Riquier;charlot.Riquier@armyspy.com;charlot.Riquier;0645814289;m;20,rue Saint Germain GAGNY;93220;7;28;1951;A4wJbTZR61ts9
tristan;Savard;tristan.Savard@jourrapide.com;tristan.Savard;0632351708;m;55,rue Beauvau MARSEILLE;13002;6;17;1970;KZski0XDoNIm9
lazare;Brunault;lazare.Brunault@dayrep.com;lazare.Brunault;0660617330;m;22,rue du President Roosevelt SCHILTIGHEIM;67300;6;15;1937;cxOUnr4voFzN9
gisselle;Lamare;gisselle.Lamare@armyspy.com;gisselle.Lamare;0643813243;f;30,rue du Faubourg National TARBES;65000;12;4;1993;I3rSn2sJQzRt9
martine;Gour;martine.Gour@rhyta.com;martine.Gour;0652162057;f;38,rue Porte d'Orange CASTRES;81100;10;20;1985;EVrWI5bYx0FX9
jeannot;Guerette;jeannot.Guerette@dayrep.com;jeannot.Guerette;0608744476;m;62,rue du President Roosevelt SAUMUR;49400;6;7;1963;dVjJosDEU01l9
chante;Perreault;chante.Perreault@armyspy.com;chante.Perreault;0612773754;f;47,rue Marguerite VIRY-CHÂTILLON;91170;9;6;1987;xfHGJ0rCgcQP9
hermine;Provencher;hermine.Provencher@armyspy.com;hermine.Provencher;0628987978;f;30,rue de l'Aigle LA ROCHELLE;17000;2;8;1954;2Ui9PVwX0kbn9
toinette;Vachon;toinette.Vachon@jourrapide.com;toinette.Vachon;0673515794;f;95,rue Michel Ange LE HAVRE;76600;2;1;1999;oRP95g30rLKh9
germain;Bonsaint;germain.Bonsaint@dayrep.com;germain.Bonsaint;0645382381;m;25,avenue de Provence VALENCIENNES;59300;6;4;1948;qPDevrxchwQM9
ozanne;Bonami;ozanne.Bonami@jourrapide.com;ozanne.Bonami;0697005044;f;98,quai Saint-Nicolas TOURCOING;59200;5;17;1961;g3bztUaLZDIl9
valere;Breton;valere.Breton@jourrapide.com;valere.Breton;0680914167;m;83,Avenue des Pr'es MONTLUÇON;03100;6;5;1967;yVS4kqnvED9M9
arnaud;Lamoureux;arnaud.Lamoureux@jourrapide.com;arnaud.Lamoureux;0652775200;m;36,rue Petite Fusterie BOULOGNE-SUR-MER;62200;10;17;1958;DkVREhLi0jNe9
benjamine;Courtemanche;benjamine.Courtemanche@jourrapide.com;benjamine.Courtemanche;0676479691;f;52,rue Grande Fusterie BRUAY-LA-BUISSIeRE;62700;6;5;1920;NbinReHTxOzu9
josiane;Arsenault;josiane.Arsenault@dayrep.com;josiane.Arsenault;0620790916;f;28,rue Sebastopol SAINTES;17100;10;8;1982;A31YXiTSFJfW9
eulalie;Ferland;eulalie.Ferland@rhyta.com;eulalie.Ferland;0634482103;f;58,rue du Gue Jacquet CHÂTILLON;92320;5;1;1941;cGTsSfnzaVP49
modeste;Ferland;modeste.Ferland@rhyta.com;modeste.Ferland;0691729162;m;70,rue Pierre Motte SAINT-DIe;88100;1;4;1994;9JSIqALajThO9
jacqueline;Lepicier;jacqueline.Lepicier@teleworm.us;jacqueline.Lepicier;0600491090;f;15,rue Leon Dierx LIVRY-GARGAN;93190;9;15;1986;tcNwOSqg6W0I9
pierre;Bonnet;pierre.Bonnet@jourrapide.com;pierre.Bonnet;0669537312;m;89,rue des Lacs HeNIN-BEAUMONT;62110;6;23;1921;ea3Ft6rS8cTm9
elodie;Durepos;elodie.Durepos@rhyta.com;elodie.Durepos;0603149483;f;4,rue Pierre Motte SAINTE-ANNE;97180;6;28;1965;Yl8QfE0tOm3T9
diodore;Reault;diodore.Reault@rhyta.com;diodore.Reault;0655863646;m;89,rue du Gue Jacquet CHÂTILLON;92320;11;25;1989;4KwJ0o3m1Cip9
honore;Boncoeur;honore.Boncoeur@teleworm.us;honore.Boncoeur;0633314349;m;19,place Stanislas NANTES;44100;7;15;1929;1DkICKFnX5EM9
angelique;Brunault;angelique.Brunault@dayrep.com;angelique.Brunault;0663213477;f;42,rue Nationale PARIS;75007;10;16;1999;RHPqNSuUyEsj9
paule;Tessier;paule.Tessier@armyspy.com;paule.Tessier;0669761768;f;81,Rue St Ferreol MEUDON;92190;2;25;1995;pTP5ODoB4dMc9
mignon;Bernier;mignon.Bernier@dayrep.com;mignon.Bernier;0633817400;f;82,Avenue De Marlioz ANTIBES;06600;2;2;1960;TNqbOSXu0rxM9
clement;Goddu;clement.Goddu@teleworm.us;clement.Goddu;0618368195;m;85,Rue Marie De Medicis CARCASSONNE;11000;2;25;1935;zkKXmrHqiTjo9
laurentine;Paradis;laurentine.Paradis@rhyta.com;laurentine.Paradis;0644343138;f;24,Chemin des Bateliers ALENÇON;61000;2;5;1979;2pEsJ637tw0I9
monique;Beaudouin;monique.Beaudouin@armyspy.com;monique.Beaudouin;0646830285;f;13,Avenue des Pr'es MONTPELLIER;34000;9;12;1934;1X2AdsF8GrW79
romain;Lapresse;romain.Lapresse@jourrapide.com;romain.Lapresse;0690062275;m;22,rue de l'Epeule ROUEN;76100;9;2;1936;yG3disAjfp579
valery;Caisse;valery.Caisse@jourrapide.com;valery.Caisse;0609602884;m;45,Chemin Du Lavarin Sud CAEN;14000;8;25;1967;Z9xJ815crapU9
rolande;Busque;rolande.Busque@armyspy.com;rolande.Busque;0627635326;f;88,rue Adolphe Wurtz LE ROBERT;97231;10;2;1999;JIFAp1slV2BS9
hippolyte;Robert;hippolyte.Robert@armyspy.com;hippolyte.Robert;0677502383;f;36,rue Bonneterie MILLAU;12100;7;26;1923;N9Xtg6DbEwuL9
lothaire;Vachon;lothaire.Vachon@rhyta.com;lothaire.Vachon;0623494688;m;47,boulevard Bryas CReTEIL;94000;4;15;1927;8x12U0X4Aftk9
charles;Dufour;charles.Dufour@teleworm.us;charles.Dufour;0671072836;m;27,rue de Lille AUBAGNE;13400;11;28;1987;OR6Vvo0YzcJw9
ermenegilde;Faure;ermenegilde.Faure@armyspy.com;ermenegilde.Faure;0642653881;m;21,rue Gustave Eiffel ROANNE;42300;1;23;1939;0ESC4TeYrzDq9
juste;Langelier;juste.Langelier@armyspy.com;juste.Langelier;0647502575;m;79,rue des six freres Ruellan SARREGUEMINES;57200;9;21;1993;MRLod2nFPzVE9
franck;Martel;franck.Martel@jourrapide.com;franck.Martel;0645475616;m;94,rue Banaudon LYON;69007;1;7;1942;Y4gGfJtOjXBx9
esther;Barrette;esther.Barrette@rhyta.com;esther.Barrette;0668879977;f;51,rue des lieutemants Thomazo DOUAI;59500;2;20;1986;dLZ00zijvDu29
dorothee;Poulin;dorothee.Poulin@teleworm.us;dorothee.Poulin;0654705321;f;72,rue Pierre De Coubertin TOULOUSE;31300;11;19;1964;ZJtECi0HcuKs9
michelle;Bonenfant;michelle.Bonenfant@jourrapide.com;michelle.Bonenfant;0694700209;f;61,place de Miremont VILLEPARISIS;77270;10;3;1985;DrwU4CsZBOMX9
rochelle;Dandonneau;rochelle.Dandonneau@teleworm.us;rochelle.Dandonneau;0660816216;f;92,rue Pierre Motte SAINTE-ANNE;97180;7;28;1983;bYoRA6TJB5C09
david;Auger;david.Auger@armyspy.com;david.Auger;0615579246;m;98,Rue Frederic Chopin VESOUL;70000;1;11;1947;wJoc7p4OY9DQ9
baptiste;Covillon;baptiste.Covillon@armyspy.com;baptiste.Covillon;0664290663;m;42,boulevard Bryas CREIL;60100;11;25;1965;haCOBJg2e4uK9
amaury;Busson;amaury.Busson@dayrep.com;amaury.Busson;0646746293;m;51,Avenue De Marlioz ARLES;13200;3;10;1977;Hwb6Ez7tmd3Q9
felicien;Beauchemin;felicien.Beauchemin@rhyta.com;felicien.Beauchemin;0691839440;m;70,rue de Penthievre PONTOISE;95000;6;28;1997;JvQMXRhb7DrT9
yvette;Beaulieu;yvette.Beaulieu@rhyta.com;yvette.Beaulieu;0624224372;f;3,boulevard Albin Durand CERGY;95800;5;13;1967;ewB64GN3cmdM9
lothaire;Lacasse;lothaire.Lacasse@teleworm.us;lothaire.Lacasse;0659866978;m;6,Chemin Challet LILLE;59000;9;24;1968;ZWYuP43VAIq29
edouard;Brochu;edouard.Brochu@armyspy.com;edouard.Brochu;0628745128;m;32,rue Isambard FReJUS;83600;5;9;1990;68kdr1UAyDIJ9
liane;Parizeau;liane.Parizeau@dayrep.com;liane.Parizeau;0674131111;f;1,Place Napoleon LAON;02000;12;23;1997;5PrutOWk79BV9
gaetane;Chesnay;gaetane.Chesnay@armyspy.com;gaetane.Chesnay;0668740260;f;36,Rue Joseph Vernet BAR-LE-DUC;55000;9;11;1957;yp56mhCwV9rz9
joelle;Lemaître;joelle.Lemaître@teleworm.us;joelle.Lemaître;0630538045;f;52,rue de Groussay RODEZ;12000;12;3;1953;3QRAkW2eEP0m9
gaetan;Simard;gaetan.Simard@teleworm.us;gaetan.Simard;0658231536;m;80,boulevard Aristide Briand LE CREUSOT;71200;9;22;1926;xaZ10KldEPmt9
noel;Ducharme;noel.Ducharme@rhyta.com;noel.Ducharme;0641644325;m;51,rue Pierre De Coubertin TOULOUSE;31300;8;23;1970;CplD0NdVtIWM9
julie;Doucet;julie.Doucet@jourrapide.com;julie.Doucet;0680618688;f;64,Chemin Des Bateliers ANNECY;74000;4;6;1942;l1UIRVgKrQ3Z9
odilon;Boncoeur;odilon.Boncoeur@teleworm.us;odilon.Boncoeur;0622986453;m;87,rue du Paillle en queue LEVALLOIS-PERRET;92300;7;19;1940;4V0FzlY06Rms9
manon;Ailleboust;manon.Ailleboust@armyspy.com;manon.Ailleboust;0660744095;f;80,rue Pierre Motte SAINT-DIe;88100;7;18;1925;ymLHskTp0jv99
armelle;Huppe;armelle.Huppe@rhyta.com;armelle.Huppe;0684190638;f;1,rue Nationale PARIS;75006;3;19;1959;T6wduLgkUmF59
adolphe;Brunault;adolphe.Brunault@armyspy.com;adolphe.Brunault;0665669994;m;63,rue Gustave Eiffel RIS-ORANGIS;91000;5;9;1964;i0veIGbXrdKB9
gratien;Lajoie;gratien.Lajoie@dayrep.com;gratien.Lajoie;0667237230;m;20,rue Marguerite VINCENNES;94300;6;14;1940;cpjzT97bJqmg9
odette;Majory;odette.Majory@armyspy.com;odette.Majory;0670306534;f;93,Rue Frederic Chopin VESOUL;70000;1;4;1945;RMzpgwUQfe4i9
fabrice;Sirois;fabrice.Sirois@armyspy.com;fabrice.Sirois;0677861461;m;91,rue Clement Marot PIERREFITTE-SUR-SEINE;93380;12;18;1939;RMDZBpivdUY99
margot;Chevrette;margot.Chevrette@armyspy.com;margot.Chevrette;0622695599;f;3,Boulevard de Normandie FONTENAY-SOUS-BOIS;94120;3;9;1982;c07BDrJbv9ip9
horace;Bernier;horace.Bernier@armyspy.com;horace.Bernier;0636795593;m;33,rue du Gue Jacquet CHÂTILLON;92320;9;11;1961;RBVNmTCb4Ioj9
luc;Laboissonniere;luc.Laboissonniere@rhyta.com;luc.Laboissonniere;0687747733;m;65,rue Saint Germain GIF-SUR-YVETTE;91190;9;24;1933;vkPd3ZL4e8DT9
cosette;Quirion;cosette.Quirion@jourrapide.com;cosette.Quirion;0670647103;f;11,rue Bonneterie MONTBeLIARD;25200;8;26;1935;sQeSfPCcq2rT9
esme;Guibord;esme.Guibord@dayrep.com;esme.Guibord;0649440837;m;93,rue Gustave Eiffel REZe;44400;2;4;1934;nkyh0ToU2Gei9
adele;Lanctot;adele.Lanctot@dayrep.com;adele.Lanctot;0612818508;f;70,rue Isambard FOUGeRES;35300;4;27;1964;BpGu0LEXlwSd9
narcisse;Laramee;narcisse.Laramee@jourrapide.com;narcisse.Laramee;0677841249;m;57,Place Napoleon LE BLANC-MESNIL;93150;6;6;1966;0hWjE2F1cyxL9
leonard;Carriere;leonard.Carriere@teleworm.us;leonard.Carriere;0677142795;m;32,Rue Bonnet VITRY-SUR-SEINE;94400;2;14;1938;NseIxV2BCqEH9
barthelemy;Blanchard;barthelemy.Blanchard@teleworm.us;barthelemy.Blanchard;0633709582;m;27,rue Gontier-Patin AGDE;34300;7;7;1992;rSLh6tbWVOIq9
noel;Dagenais;noel.Dagenais@rhyta.com;noel.Dagenais;0657114214;m;38,Quai des Belges MASSY;91300;9;13;1973;FkUES9WpvPqn9
roland;Vadeboncoeur;roland.Vadeboncoeur@teleworm.us;roland.Vadeboncoeur;0613463953;m;42,route de Lyon ILLKIRCH-GRAFFENSTADEN;67400;8;6;1920;0zVCcr1RwOPi9
luc;Guertin;luc.Guertin@rhyta.com;luc.Guertin;0668596230;m;9,rue Reine Elisabeth MELUN;77000;2;22;1952;v8Lk7n4pUd6u9
morgane;Lafond;morgane.Lafond@teleworm.us;morgane.Lafond;0653635905;f;68,rue Pierre Motte SAINT-DENIS;97400;11;8;1920;gIzew8h5AXKJ9
joceline;Pitre;joceline.Pitre@armyspy.com;joceline.Pitre;0637261245;f;71,Boulevard de Normandie FONTENAY-SOUS-BOIS;94120;4;15;1986;sdMHRQjEGP6v9
chantal;Belanger;chantal.Belanger@teleworm.us;chantal.Belanger;0698940307;f;50,rue des Chaligny NEVERS;58000;7;25;1958;opnSeIGzsBuM9
helene;Lalonde;helene.Lalonde@dayrep.com;helene.Lalonde;0639438610;f;93,boulevard de la Liberation MARSEILLE;13014;4;11;1946;H9vCmG0dIpSE9
aristide;Maheu;aristide.Maheu@teleworm.us;aristide.Maheu;0671424012;m;42,Rue Hubert de Lisle LORIENT;56100;10;19;1950;S04aZhgUEeKG9
claire;Achin;claire.Achin@armyspy.com;claire.Achin;0615783443;f;57,boulevard de la Liberation MARSEILLE;13014;6;1;1925;2FiPCH6xL0Ij9
stephanie;Rossignol;stephanie.Rossignol@armyspy.com;stephanie.Rossignol;0689830874;f;77,boulevard Aristide Briand LE GRAND-QUEVILLY;76120;1;7;1994;I7q94UdizOuR9
rosette;Givry;rosette.Givry@teleworm.us;rosette.Givry;0672071709;f;63,boulevard de la Liberation MARSEILLE;13011;7;27;1947;2uCDnj6PMKEr9
regine;Seguin;regine.Seguin@rhyta.com;regine.Seguin;0674738499;f;6,Place du Jeu de Paume VIERZON;18100;6;9;1989;vbjwBo6p3yRE9
gerard;Echeverri;gerard.Echeverri@rhyta.com;gerard.Echeverri;0687636629;m;75,rue Banaudon LYON;69007;11;28;1920;16ZPvxViXu0d9
sylvianne;Bourassa;sylvianne.Bourassa@armyspy.com;sylvianne.Bourassa;0634357258;f;7,avenue Ferdinand de Lesseps GRENOBLE;38100;2;1;1955;DJKsNxVzgqnm9
leontine;Viens;leontine.Viens@dayrep.com;leontine.Viens;0638705424;f;37,Avenue des Pr'es MONTIGNY-LE-BRETONNEUX;78180;10;19;1958;pM9x0jmOPDQ49
elodie;Meunier;elodie.Meunier@teleworm.us;elodie.Meunier;0628446186;f;83,boulevard de Prague NOGENT-SUR-MARNE;94130;9;6;1925;Z3uv1F4mKDJs9
lisette;Dionne;lisette.Dionne@armyspy.com;lisette.Dionne;0693026685;f;67,cours Jean Jaures BORDEAUX;33200;4;20;1960;JuaMAdiGtHyz9
arienne;Gamelin;arienne.Gamelin@armyspy.com;arienne.Gamelin;0660839271;f;28,Avenue Millies Lacroix eCHIROLLES;38130;5;16;1921;ibWheC4OJpo39
rebecca;Marseau;rebecca.Marseau@dayrep.com;rebecca.Marseau;0640279764;f;3,avenue Jean Portalis TOURS;37200;8;20;1931;TWJ8QypxPhul9
horace;Tessier;horace.Tessier@teleworm.us;horace.Tessier;0603174382;m;9,rue des Coudriers MULHOUSE;68100;1;15;1959;aWJFLpZ1hSRz9
laurent;Lachance;laurent.Lachance@teleworm.us;laurent.Lachance;0614033312;m;32,boulevard Albin Durand CHAMBeRY;73000;8;9;1991;M92esI5LaWBi9
franck;Camus;franck.Camus@jourrapide.com;franck.Camus;0656225696;m;42,rue Pierre Motte SAINT-DENIS;97400;10;5;1985;mTrQDpSzAx9L9
sylvaine;De;sylvaine.De@teleworm.us;sylvaine.De;0658350351;f;37,rue Gouin de Beauchesne SAINT-MICHEL-SUR-ORGE;91240;10;6;1933;vfJUG1sDVdqe9
amaury;Lafond;amaury.Lafond@dayrep.com;amaury.Lafond;0683457558;m;5,rue du Faubourg National TARBES;65000;1;25;1960;LOwKEt7BkR8l9
gregoire;Jalbert;gregoire.Jalbert@rhyta.com;gregoire.Jalbert;0692377562;m;59,rue Jean Vilar BELFORT;90000;6;21;1987;HUgShv5rIzLs9
telesphore;Grignon;telesphore.Grignon@dayrep.com;telesphore.Grignon;0667448978;m;52,rue du Clair Bocage LA ROCHE-SUR-YON;85000;1;12;1955;x9lQMNL7ZdJX9
lucrece;Migneault;lucrece.Migneault@armyspy.com;lucrece.Migneault;0689049236;f;32,quai Saint-Nicolas TOURNEFEUILLE;31170;2;11;1991;Ynq9TMGKyxfS9
leonard;Querry;leonard.Querry@armyspy.com;leonard.Querry;0669175217;m;18,Place du Jeu de Paume VILLEJUIF;94800;9;8;1946;UWPz5e7yCIGc9
regis;Casgrain;regis.Casgrain@armyspy.com;regis.Casgrain;0649342056;m;18,rue Victor Hugo CORBEIL-ESSONNES;91100;3;24;1959;N0UIyD2ASdkZ9
benjamine;Baril;benjamine.Baril@jourrapide.com;benjamine.Baril;0647125582;f;21,Square de la Couronne PANTIN;93500;3;15;1956;iOTrwx6fEY7G9
olivier;Rivard;olivier.Rivard@teleworm.us;olivier.Rivard;0619132943;m;50,Chemin des Bateliers AJACCIO;20090;1;14;1967;TXU4QatSdyBn9
philippe;Lamontagne;philippe.Lamontagne@jourrapide.com;philippe.Lamontagne;0616513167;m;59,boulevard Amiral Courbet OULLINS;69600;9;6;1998;jmMDNkR6nEhZ9
desire;Deblois;desire.Deblois@armyspy.com;desire.Deblois;0693683676;m;44,rue Pierre De Coubertin TOULOUSE;31000;7;26;1970;UWBtnylauLXK9
doriane;Dennis;doriane.Dennis@armyspy.com;doriane.Dennis;0607914555;f;59,place de Miremont VILLEPARISIS;77270;5;27;1968;wGV0KJpIF6vl9
corin;Marois;corin.Marois@rhyta.com;corin.Marois;0633623888;m;41,rue du Fosse des Tanneurs THONON-LES-BAINS;74200;5;25;1936;A9BTdsELztSV9
veronique;Louis;veronique.Louis@armyspy.com;veronique.Louis;0682652689;f;99,rue Bonneterie MONS-EN-BAROEUL;59370;2;17;1942;nOjpmK93rUX69
louise;de;louise.de@rhyta.com;louise.de;0680630474;f;96,rue Beauvau MARSEILLE;13003;6;28;1937;rJKuzR3Is7WT9
antoine;Lagrange;antoine.Lagrange@rhyta.com;antoine.Lagrange;0617433598;m;58,rue Marie de Medicis BLAGNAC;31700;5;20;1999;TFl7yLcxn5IJ9
eustache;Lazure;eustache.Lazure@armyspy.com;eustache.Lazure;0687906500;m;19,rue du Faubourg National THIAIS;94320;1;23;1984;bJOiQ1EGNXSs9
roxane;Lamarre;roxane.Lamarre@armyspy.com;roxane.Lamarre;0694842382;f;71,rue du Paillle en queue L'HAŸ-LES-ROSES;94240;8;12;1928;PyqgmDz23dtU9
eugenie;CinqMars;eugenie.CinqMars@rhyta.com;eugenie.CinqMars;0680115212;f;52,rue Leon Dierx LISIEUX;14100;10;21;1978;bdAmzI5NxpUj9
josephine;de;josephine.de@rhyta.com;josephine.de;0663312851;f;96,Avenue De Marlioz ARGENTEUIL;95100;10;15;1958;ru3Xlcb7RzOi9
delphine;Bedard;delphine.Bedard@armyspy.com;delphine.Bedard;0603006449;f;54,Quai des Belges MASSY;91300;4;4;1984;TOMJSn4FaZC09
margot;Boulanger;margot.Boulanger@dayrep.com;margot.Boulanger;0687263157;f;43,Place de la Madeleine PARIS;75009;4;5;1941;HXyu09JP8CNK9
lisette;Blondlot;lisette.Blondlot@teleworm.us;lisette.Blondlot;0609306499;f;70,Rue de Strasbourg CLICHY-SOUS-BOIS;93390;7;18;1920;FwguiEmxXSDK9
nathalie;Deblois;nathalie.Deblois@dayrep.com;nathalie.Deblois;0684331096;f;91,rue du Paillle en queue LEVALLOIS-PERRET;92300;12;16;1936;EhVO7l0qXtJI9
baudouin;Allaire;baudouin.Allaire@jourrapide.com;baudouin.Allaire;0630876944;m;52,Rue Joseph Vernet BAGNOLET;93170;1;28;1946;WT4o0Dw3vSql9
marin;Clement;marin.Clement@dayrep.com;marin.Clement;0671316576;m;71,Rue du Limas BASSE-TERRE;97100;6;25;1922;scZtvdOnXq6p9
felix;Daigneault;felix.Daigneault@teleworm.us;felix.Daigneault;0666230349;m;8,rue des lieutemants Thomazo DIGNE-LES-BAINS;04000;2;13;1997;sSp1chotMq2g9
lisette;Chatigny;lisette.Chatigny@armyspy.com;lisette.Chatigny;0666203793;f;98,rue Ernest Renan CHERBOURG;50100;1;3;1939;zhETqrf9sgMD9
olivie;Galarneau;olivie.Galarneau@teleworm.us;olivie.Galarneau;0693835356;f;97,rue de la Republique LYON;69003;3;1;1939;0nupLwjF3Axz9
lazare;Beaudry;lazare.Beaudry@rhyta.com;lazare.Beaudry;0680650557;m;55,rue du Clair Bocage LA VARENNE-SAINT-HILAIRE;94210;12;1;1948;dfUJo8jrT0bQ9
mathieu;Bergeron;mathieu.Bergeron@rhyta.com;mathieu.Bergeron;0655407201;m;81,rue du Fosse des Tanneurs TOULON;83200;3;23;1996;8aZdHEcwg6BC9
maxime;Giroux;maxime.Giroux@jourrapide.com;maxime.Giroux;0637355012;m;86,rue du Faubourg National THIONVILLE;57100;7;12;1945;hOwmzPvdapn39
odette;Lemaître;odette.Lemaître@armyspy.com;odette.Lemaître;0612780312;f;23,rue du Gue Jacquet CHÂTENAY-MALABRY;92290;11;17;1938;opcG49vUqKfH9
frederic;Trepanier;frederic.Trepanier@rhyta.com;frederic.Trepanier;0620851689;m;43,Boulevard de Normandie FORT-DE-FRANCE;97200;1;10;1990;61G0Hs20Sbt99
jeremie;Frappier;jeremie.Frappier@dayrep.com;jeremie.Frappier;0612167083;m;41,avenue de Bouvines SCHOELCHER;97233;8;2;1960;vM9X154Eh2Yj9
guillaume;Boisclair;guillaume.Boisclair@teleworm.us;guillaume.Boisclair;0621842211;m;16,rue de l'Epeule ROUEN;76000;1;27;1941;65pJwEaKM7mj9
nadine;Carriere;nadine.Carriere@rhyta.com;nadine.Carriere;0676838561;f;79,rue de Groussay ROSNY-SOUS-BOIS;93110;10;8;1933;i0u671LgAxPt9
lucrece;Deslauriers;lucrece.Deslauriers@armyspy.com;lucrece.Deslauriers;0687920214;f;44,rue Gustave Eiffel RILLIEUX-LA-PAPE;69140;12;1;1985;M3usTZAaPUne9
julienne;Jomphe;julienne.Jomphe@rhyta.com;julienne.Jomphe;0638204810;f;62,rue Marguerite VINCENNES;94300;2;25;1982;zjNMHqB0KZ9D9
henriette;Sylvain;henriette.Sylvain@dayrep.com;henriette.Sylvain;0639295851;f;66,rue de la Boetie PLAISIR;78370;7;21;1974;V4AL9twCjNUy9
vivienne;Guilmette;vivienne.Guilmette@dayrep.com;vivienne.Guilmette;0605099309;f;11,rue Gontier-Patin AGDE;34300;3;18;1996;jbBvA5WMJngU9
vincent;Bouchard;vincent.Bouchard@rhyta.com;vincent.Bouchard;0681057674;m;68,rue des Dunes SAINT-MARTIN;97150;8;21;1969;A8Bro4sUnpGj9
jacqueline;L'Hiver;jacqueline.L'Hiver@armyspy.com;jacqueline.L'Hiver;0606662853;f;29,Place du Jeu de Paume VILLEJUIF;94800;2;15;1948;rAcGy8YlvpLi9
sophie;Tetrault;sophie.Tetrault@armyspy.com;sophie.Tetrault;0648406730;f;65,rue de Groussay ROMANS-SUR-ISeRE;26100;1;22;1921;WJM7f1t2dhsp9
colombe;Lamoureux;colombe.Lamoureux@teleworm.us;colombe.Lamoureux;0652385386;m;21,rue des Dunes SAINT-MAUR-DES-FOSSeS;94100;12;27;1993;AiUdrI2owZ759
carine;Carriere;carine.Carriere@dayrep.com;carine.Carriere;0653635767;f;38,cours Franklin Roosevelt MARSEILLE;13008;3;21;1987;CDbUaf2hMYIe9
luc;Bosse;luc.Bosse@jourrapide.com;luc.Bosse;0642306898;m;29,boulevard Albin Durand CHÂLONS-EN-CHAMPAGNE;51000;10;17;1952;AQ5WKcswE2069
edouard;Vadeboncoeur;edouard.Vadeboncoeur@armyspy.com;edouard.Vadeboncoeur;0698055299;m;98,rue Nationale PARIS;75005;8;28;1974;C8iDjHfNWwmQ9
sacha;Bouvier;sacha.Bouvier@jourrapide.com;sacha.Bouvier;0679437133;m;56,place Maurice-Charretier CHAMPS-SUR-MARNE;77420;9;27;1952;Lr09dKy2WcuI9
gratien;Herve;gratien.Herve@armyspy.com;gratien.Herve;0688457779;m;91,Rue de Verdun MONT-DE-MARSAN;40000;7;10;1959;MthFVRwq1W9H9
charlot;Gingras;charlot.Gingras@teleworm.us;charlot.Gingras;0648055246;m;1,cours Jean Jaures BORDEAUX;33300;5;14;1953;Ch8toplW3jOq9
rochelle;Marier;rochelle.Marier@teleworm.us;rochelle.Marier;0632401789;f;82,rue Marie de Medicis BeZIERS;34500;10;22;1966;hjKTlu0t2JmU9
marthe;David;marthe.David@rhyta.com;marthe.David;0686751071;f;64,rue du President Roosevelt SARTROUVILLE;78500;8;27;1977;vdoKOMAalIrX9
rosalie;Brousseau;rosalie.Brousseau@teleworm.us;rosalie.Brousseau;0669812900;f;1,avenue de l'Amandier BOIS-COLOMBES;92270;12;23;1957;TrVJM9cLlBK09
eugene;Chenard;eugene.Chenard@rhyta.com;eugene.Chenard;0613187939;m;90,avenue de l'Amandier BOIS-COLOMBES;92270;7;11;1951;kWa3sA2Pbrfw9
barbara;Pelletier;barbara.Pelletier@dayrep.com;barbara.Pelletier;0688405898;f;30,Place du Jeu de Paume VIERZON;18100;3;2;1923;Ul0etAwDPc7k9
narcisse;Panetier;narcisse.Panetier@armyspy.com;narcisse.Panetier;0699439337;m;79,rue des Dunes SAINT-MAUR-DES-FOSSeS;94100;10;21;1998;00NQRlBi41P39
donat;Aucoin;donat.Aucoin@armyspy.com;donat.Aucoin;0639351248;m;2,rue Cazade DUNKERQUE;59140;2;22;1996;86rX4YEauR509
joachim;Lejeune;joachim.Lejeune@jourrapide.com;joachim.Lejeune;0665719055;m;99,rue du Paillle en queue LEVALLOIS-PERRET;92300;11;5;1985;ryBmnbwKhZGl9
jean;Belair;jean.Belair@rhyta.com;jean.Belair;0628713054;m;18,Rue du Palais eTAMPES;91150;7;24;1925;ghxNq8VYTu0A9
hyacinthe;Lafontaine;hyacinthe.Lafontaine@teleworm.us;hyacinthe.Lafontaine;0684775482;f;55,avenue de Bouvines SEDAN;08200;3;2;1959;YTzn6FyJc03t9
edgar;Goddu;edgar.Goddu@dayrep.com;edgar.Goddu;0679780595;m;57,rue du Fosse des Tanneurs TOULON;83100;10;28;1991;tUczCHdx7pOi9
louise;Sorel;louise.Sorel@armyspy.com;louise.Sorel;0675319516;f;4,rue des Nations Unies SAINT-BENOÎT;97470;9;25;1982;rBZkCe02EUiP9
martin;Austin;martin.Austin@armyspy.com;martin.Austin;0640498966;m;38,rue Charles Corbeau eVREUX;27000;3;19;1995;I5TQ80wNoCaV9
josette;Angelil;josette.Angelil@rhyta.com;josette.Angelil;0610881279;f;88,rue de la Boetie POITIERS;86000;11;4;1993;1Uu8aPS6GheD9
philippe;Sylvain;philippe.Sylvain@armyspy.com;philippe.Sylvain;0652080183;m;70,rue du Clair Bocage LA ROCHE-SUR-YON;85000;8;17;1938;ONTzW0DrSKQB9
renard;Aube;renard.Aube@armyspy.com;renard.Aube;0620733517;m;69,rue de Groussay ROCHEFORT;17300;7;1;1932;IF5H6kwjQKz29
philippine;Beauchemin;philippine.Beauchemin@dayrep.com;philippine.Beauchemin;0688301986;f;88,rue Sebastopol SAINT-eTIENNE;42000;6;7;1940;RDbZjygnK6kA9
nathalie;Audet;nathalie.Audet@dayrep.com;nathalie.Audet;0636105658;f;26,Quai des Belges MARTIGUES;13500;11;9;1966;zZXybNcfBA5I9
vivien;Charlesbois;vivien.Charlesbois@armyspy.com;vivien.Charlesbois;0613244761;f;21,rue de la Hulotais SAINT-RAPHAËL;83700;8;18;1952;7pZn5yCkirtg9
emilien;Forest;emilien.Forest@armyspy.com;emilien.Forest;0636195687;m;11,avenue de Bouvines SEVRAN;93270;9;6;1967;AMQV9DEhSsLf9
toussaint;Brousseau;toussaint.Brousseau@jourrapide.com;toussaint.Brousseau;0604241222;m;25,avenue Ferdinand de Lesseps GRANDE-SYNTHE;59760;1;21;1945;NsjOCv2FSY0R9
joseph;Camus;joseph.Camus@dayrep.com;joseph.Camus;0677265578;m;5,Avenue De Marlioz ANTIBES;06600;1;12;1926;l9KSWDO0hqZy9
adele;Paiement;adele.Paiement@rhyta.com;adele.Paiement;0618576992;f;3,rue du Paillle en queue LIBOURNE;33500;9;27;1941;5O0zF1lcgVsj9
isabel;Gosselin;isabel.Gosselin@armyspy.com;isabel.Gosselin;0667781372;f;34,Avenue De Marlioz ARGENTEUIL;95100;5;15;1997;4vqD3EzbgrNG9
raymonde;Tollmache;raymonde.Tollmache@dayrep.com;raymonde.Tollmache;0644998414;f;8,rue Clement Marot PIERREFITTE-SUR-SEINE;93380;9;11;1971;k0EUQVvlqG2H9
pascal;Deschenes;pascal.Deschenes@jourrapide.com;pascal.Deschenes;0641569204;m;31,Rue Joseph Vernet AVIGNON;84000;1;4;1928;wcFWXtsaSM5Q9
jean-baptiste;Goulet;jean-baptiste.Goulet@dayrep.com;jean-baptiste.Goulet;0623411587;m;21,rue des Dunes SAINT-MALO;35400;10;22;1935;hubYJL0PlW2T9
hortense;Faubert;hortense.Faubert@teleworm.us;hortense.Faubert;0639895538;f;30,place Stanislas NANTES;44000;4;26;1932;FvsyXruOW6Yb9
denise;Bonami;denise.Bonami@armyspy.com;denise.Bonami;0676752300;f;98,rue Gontier-Patin AIX-EN-PROVENCE;13090;11;19;1985;E6zUrCuPpZGR9
gigi;Parmentier;gigi.Parmentier@dayrep.com;gigi.Parmentier;0655185044;f;5,rue de Penthievre QUIMPER;29000;6;17;1924;B7lrb3WcFTm89
flavie;Chastain;flavie.Chastain@dayrep.com;flavie.Chastain;0666481688;f;68,rue Isambard FORT-DE-FRANCE;97234;4;1;1920;DR0hS8mnglOv9
honore;Marseau;honore.Marseau@dayrep.com;honore.Marseau;0611106859;m;77,rue des lieutemants Thomazo DOUAI;59500;7;22;1922;0AtWKOEQI9l69
françoise;Panetier;françoise.Panetier@dayrep.com;françoise.Panetier;0654911999;f;87,Rue Frederic Chopin VERSAILLES;78000;5;5;1972;tdR9iBuP2eYO9
barnabe;Bureau;barnabe.Bureau@teleworm.us;barnabe.Bureau;0623984393;m;38,rue Pierre Motte SAINTE-FOY-LeS-LYON;69110;6;8;1952;Npb2ui5R0odX9
pascal;Lepage;pascal.Lepage@armyspy.com;pascal.Lepage;0642942522;m;52,Place du Jeu de Paume VIERZON;18100;1;25;1982;rpCmkUYKh5Tu9
bertrand;Metivier;bertrand.Metivier@dayrep.com;bertrand.Metivier;0678566710;m;41,quai Saint-Nicolas TOURS;37000;11;13;1986;ktNiyhb0A7Pl9
renee;Theriault;renee.Theriault@armyspy.com;renee.Theriault;0607698387;f;38,avenue de Provence VALENCIENNES;59300;5;25;1969;iw10D72OFuaT9
ambroise;Varieur;ambroise.Varieur@dayrep.com;ambroise.Varieur;0632321648;m;79,cours Jean Jaures BORDEAUX;33200;6;25;1962;kHRAjwd9vebc9
theophile;Loiselle;theophile.Loiselle@armyspy.com;theophile.Loiselle;0679413394;m;22,rue de Groussay ROCHEFORT;17300;9;25;1922;uYwLn3V4Z1zm9
celeste;Dandonneau;celeste.Dandonneau@jourrapide.com;celeste.Dandonneau;0632847598;f;40,rue Beauvau MARSEILLE;13002;3;3;1937;byvlDEgV4Map9
albert;Hervieux;albert.Hervieux@rhyta.com;albert.Hervieux;0691299967;m;38,boulevard d'Alsace VeLIZY-VILLACOUBLAY;78140;12;27;1996;4rw5lXOav0Te9
jean-marie;Dumoulin;jean-marie.Dumoulin@rhyta.com;jean-marie.Dumoulin;0681612995;m;24,rue des Nations Unies SAINT-BENOÎT;97470;3;22;1930;0MvaT8d4x63P9
barbara;Ferland;barbara.Ferland@rhyta.com;barbara.Ferland;0621553648;f;88,Quai des Belges MAUBEUGE;59600;5;11;1990;Ou21mz5nPtyU9
josette;Lampron;josette.Lampron@teleworm.us;josette.Lampron;0670906567;f;43,rue Leon Dierx LISIEUX;14100;1;25;1940;ZKmxPivgCnc19
juste;Lamothe;juste.Lamothe@jourrapide.com;juste.Lamothe;0602698838;m;53,rue Clement Marot PIERREFITTE-SUR-SEINE;93380;5;26;1954;QdJ0XvT0ejKi9
loup;Gendron;loup.Gendron@teleworm.us;loup.Gendron;0607995104;m;44,rue Marie de Medicis BIARRITZ;64200;2;28;1934;lbtQ4pEVxJWa9
victor;Riquier;victor.Riquier@jourrapide.com;victor.Riquier;0664572281;m;93,rue des Coudriers MULHOUSE;68200;6;26;1967;u0H6KqI7niF29
evrard;CinqMars;evrard.CinqMars@dayrep.com;evrard.CinqMars;0633322535;m;64,rue Ernest Renan CHAUMONT;52000;5;7;1967;ELqaK4gzf7ZH9
alphonsine;Lacombe;alphonsine.Lacombe@jourrapide.com;alphonsine.Lacombe;0615113000;f;91,quai Saint-Nicolas TOURS;37000;10;20;1968;1iDlrKjdkPv39
rebecca;Aupry;rebecca.Aupry@jourrapide.com;rebecca.Aupry;0695650882;f;82,cours Jean Jaures BORDEAUX;33300;2;19;1945;8TkjaOfr2Vbz9
gilbert;Tougas;gilbert.Tougas@rhyta.com;gilbert.Tougas;0617315679;m;88,Faubourg Saint Honore PARIS;75020;7;27;1991;3X5kH10CUop29
placide;Bazinet;placide.Bazinet@armyspy.com;placide.Bazinet;0658350856;f;55,Square de la Couronne OZOIR-LA-FERRIeRE;77330;1;7;1946;YES2ujQMpt0C9
aristide;Bonnet;aristide.Bonnet@rhyta.com;aristide.Bonnet;0679385496;m;69,avenue de Bouvines SeTE;34200;1;6;1937;x5dN0CEjRyv89
isabel;Desnoyer;isabel.Desnoyer@rhyta.com;isabel.Desnoyer;0680813264;f;38,rue Reine Elisabeth MELUN;77000;12;25;1980;LBYHXIhg2sCp9
philippe;Couturier;philippe.Couturier@teleworm.us;philippe.Couturier;0642510530;m;41,rue des Lacs HeNIN-BEAUMONT;62110;8;25;1947;WzoDRgN03vr19
renee;Quessy;renee.Quessy@jourrapide.com;renee.Quessy;0634447184;f;14,rue La Boetie PARIS;75016;9;8;1982;DgTM1y3j6l9J9
julien;Bellemare;julien.Bellemare@dayrep.com;julien.Bellemare;0659996573;m;1,Rue du Palais ERMONT;95120;12;16;1924;APV9cXEyrCvd9
elisabeth;Michaud;elisabeth.Michaud@teleworm.us;elisabeth.Michaud;0639090503;f;32,Rue de la Pompe MANTES-LA-JOLIE;78200;2;6;1966;XRgiqIs9UHOw9
roger;Monjeau;roger.Monjeau@dayrep.com;roger.Monjeau;0670083051;m;82,rue Grande Fusterie BRUAY-LA-BUISSIeRE;62700;2;2;1955;vXST904xIGkA9
josephe;Boulanger;josephe.Boulanger@teleworm.us;josephe.Boulanger;0686264067;f;50,rue Marie de Medicis BeTHUNE;62400;7;14;1926;ro87Ic24mJFB9
yannic;Fournier;yannic.Fournier@jourrapide.com;yannic.Fournier;0683787064;m;11,Chemin Challet LILLE;59800;11;27;1966;hQluTWxi258b9
colombain;Guilmette;colombain.Guilmette@rhyta.com;colombain.Guilmette;0620601424;m;13,rue des six freres Ruellan SARCELLES;95200;12;13;1998;tgYPW0w6mBkO9
emma;Lemelin;emma.Lemelin@teleworm.us;emma.Lemelin;0689131834;f;29,rue de la Republique LYON;69004;4;4;1935;UqSsVtrkTC099
baptiste;Hachee;baptiste.Hachee@armyspy.com;baptiste.Hachee;0648495141;m;35,rue Leon Dierx LIVRY-GARGAN;93190;12;13;1997;8EzKOFW60Csc9
julien;Charette;julien.Charette@jourrapide.com;julien.Charette;0617542584;m;41,rue Bonneterie MONTBeLIARD;25200;8;26;1969;ZnKC1hadetiu9
adrien;Dubois;adrien.Dubois@armyspy.com;adrien.Dubois;0621596281;m;76,rue de Groussay ROCHEFORT;17300;6;5;1925;8MB5NwEKYfpT9
herve;Descoteaux;herve.Descoteaux@rhyta.com;herve.Descoteaux;0668702091;m;72,rue Pierre Motte SAINTE-FOY-LeS-LYON;69110;3;24;1937;S9zelKJ6LI289
jacques;Belair;jacques.Belair@armyspy.com;jacques.Belair;0665990234;m;70,rue Marguerite VINCENNES;94300;11;21;1998;x0Q98rb4ujVG9
tatienne;Dupont;tatienne.Dupont@teleworm.us;tatienne.Dupont;0629556970;f;52,Rue Hubert de Lisle LUNEL;34400;7;25;1971;EGCTcqWPhFz09
leonie;Beland;leonie.Beland@jourrapide.com;leonie.Beland;0600407861;f;33,rue Leon Dierx LOMME;59160;12;18;1966;9TuNR86QqCy49
corinne;Charrette;corinne.Charrette@rhyta.com;corinne.Charrette;0696425869;f;36,rue Gustave Eiffel REZe;44400;7;23;1974;d4jmZOH5pAlC9
philbert;Allard;philbert.Allard@jourrapide.com;philbert.Allard;0614968444;m;64,rue du Fosse des Tanneurs THONON-LES-BAINS;74200;10;4;1977;49gLcdDKkIUY9
celine;Bouvier;celine.Bouvier@armyspy.com;celine.Bouvier;0685883888;f;51,Rue Bonnet WATTRELOS;59150;11;8;1972;x8ucb5SniaMk9
alphonsine;Perillard;alphonsine.Perillard@jourrapide.com;alphonsine.Perillard;0656396658;f;57,Place de la Gare COGNAC;16100;8;24;1945;q3n6SfJg89ld9
marcelline;Garnier;marcelline.Garnier@teleworm.us;marcelline.Garnier;0644723661;f;96,rue Jean Vilar BeGLES;33130;6;23;1966;zZNwAcorHsqu9
edgar;Bernard;edgar.Bernard@armyspy.com;edgar.Bernard;0615889622;m;33,rue de la Boetie PONTAULT-COMBAULT;77340;7;13;1955;tyvwoLbun8Q29
perceval;Du;perceval.Du@dayrep.com;perceval.Du;0644221665;m;29,Chemin Du Lavarin Sud CAEN;14000;10;15;1968;DWLK0zxB4fwC9
bruno;Charlesbois;bruno.Charlesbois@dayrep.com;bruno.Charlesbois;0680279376;m;70,rue des lieutemants Thomazo DIGNE-LES-BAINS;04000;11;8;1998;EYB6f0Ox4ds29
louis;Davignon;louis.Davignon@rhyta.com;louis.Davignon;0650299767;m;20,rue de Raymond Poincare NEUILLY-SUR-SEINE;92200;7;13;1945;vMsbOwzlfGkt9
chantal;Beauchamp;chantal.Beauchamp@dayrep.com;chantal.Beauchamp;0694015566;f;51,Quai des Belges MASSY;91300;10;4;1978;Xsz3RQ9OFAGa9
ambre;Langlois;ambre.Langlois@jourrapide.com;ambre.Langlois;0689250965;f;42,rue de Groussay ROCHEFORT;17300;10;17;1999;GY1V0ty3AQlD9
laurent;Boucher;laurent.Boucher@rhyta.com;laurent.Boucher;0653918560;m;21,rue Charles Corbeau FOIX;09000;7;8;1932;UIWDxPETeyOi9
stephanie;Doyon;stephanie.Doyon@teleworm.us;stephanie.Doyon;0641749658;f;68,Chemin Challet LIMOGES;87000;8;14;1940;rYKysO2DB4qu9
adele;Marcheterre;adele.Marcheterre@armyspy.com;adele.Marcheterre;0649133026;f;26,rue Marguerite VILLIERS-SUR-MARNE;94350;3;10;1930;gVYcZhbtkTE79
constance;Galarneau;constance.Galarneau@rhyta.com;constance.Galarneau;0698390327;f;44,rue Reine Elisabeth MeRIGNAC;33700;4;13;1947;epO1viIFh03y9
felicien;Daviau;felicien.Daviau@teleworm.us;felicien.Daviau;0641267763;m;83,boulevard d'Alsace VERDUN;55100;9;22;1923;2vLHYtUwzWlX9
rodrigue;Norbert;rodrigue.Norbert@armyspy.com;rodrigue.Norbert;0636038587;m;83,rue des Chaligny NICE;06300;11;15;1922;yBLJWnF6TSMf9
sarah;Croquetaigne;sarah.Croquetaigne@jourrapide.com;sarah.Croquetaigne;0633026487;f;5,rue Reine Elisabeth MENTON;06500;2;17;1946;SDrT1NUafAmw9
severine;Hachee;severine.Hachee@dayrep.com;severine.Hachee;0605958164;f;63,boulevard de la Liberation MARSEILLE;13015;2;6;1923;vj1ofQTrbKns9
claire;Lagrange;claire.Lagrange@rhyta.com;claire.Lagrange;0635335005;f;37,rue de la Boetie PONTAULT-COMBAULT;77340;5;24;1955;OIkstdBAfulr9
mathis;Thivierge;mathis.Thivierge@dayrep.com;mathis.Thivierge;0607496979;m;46,rue Clement Marot PERPIGNAN;66100;10;3;1970;HfqDasjb5T4B9
sylvie;Veronneau;sylvie.Veronneau@armyspy.com;sylvie.Veronneau;0657515462;f;30,boulevard Bryas COURBEVOIE;92400;11;13;1965;4a9gxop7VEXQ9
maurice;Auger;maurice.Auger@armyspy.com;maurice.Auger;0671542708;m;80,Rue de Strasbourg CLICHY-SOUS-BOIS;93390;11;21;1971;xbzpo25dZygf9
claudine;Bondy;claudine.Bondy@teleworm.us;claudine.Bondy;0626190037;f;13,rue Saint Germain GENNEVILLIERS;92230;1;2;1945;xpXK2leCdAyv9
claudine;Grandbois;claudine.Grandbois@rhyta.com;claudine.Grandbois;0680395211;f;18,rue des lieutemants Thomazo DIGNE-LES-BAINS;04000;5;18;1928;HvhTK23VIYgn9
ferdinand;Beaudry;ferdinand.Beaudry@armyspy.com;ferdinand.Beaudry;0684875074;m;34,Avenue des Pr'es MONTIGNY-LeS-METZ;57158;4;4;1952;vFDtL9NBqm3T9
antoinette;Lamoureux;antoinette.Lamoureux@armyspy.com;antoinette.Lamoureux;0640110132;f;16,Avenue Millies Lacroix EAUBONNE;95600;2;25;1922;pF05B2qReOTh9
mariette;Picard;mariette.Picard@teleworm.us;mariette.Picard;0655752625;f;49,Rue de la Pompe MAMOUDZOU;97600;7;1;1951;CP8cxfTnF0lh9
mathilde;Grandbois;mathilde.Grandbois@jourrapide.com;mathilde.Grandbois;0692429727;f;65,rue Pierre De Coubertin TOULOUSE;31400;3;17;1931;dFst6DjULcIp9
reynaud;Boivin;reynaud.Boivin@rhyta.com;reynaud.Boivin;0617525523;m;31,boulevard d'Alsace VANVES;92170;2;23;1979;4Vh0BM10gcbA9
colette;Tachel;colette.Tachel@rhyta.com;colette.Tachel;0662255583;f;19,rue du Château SAINT-JOSEPH;97480;2;23;1931;GcFlw0VWvJp49
arnaude;Quenneville;arnaude.Quenneville@rhyta.com;arnaude.Quenneville;0650432129;f;97,rue La Boetie PARIS;75015;9;1;1971;9pscSwAlC28f9
clementine;Quirion;clementine.Quirion@armyspy.com;clementine.Quirion;0692994774;f;77,rue Marie de Medicis BEZONS;95870;2;13;1921;khmOnfEC2JgI9
louise;Boutot;louise.Boutot@teleworm.us;louise.Boutot;0632815146;f;12,rue du Château SAINT-eTIENNE;42100;10;9;1998;0vNg9jqazA329
gustave;Dumoulin;gustave.Dumoulin@jourrapide.com;gustave.Dumoulin;0680104446;m;74,rue Sebastopol SAINTES;17100;8;4;1994;OfzKLmlt9qXk9
renee;Barjavel;renee.Barjavel@rhyta.com;renee.Barjavel;0693300883;f;38,Boulevard de Normandie FONTAINE;38600;4;3;1965;JzTO8y0HK5XF9
helene;Guerette;helene.Guerette@teleworm.us;helene.Guerette;0693519508;f;79,rue Goya LE PERREUX-SUR-MARNE;94170;12;13;1959;m6nZOAlRtx0p9
lazare;Louis;lazare.Louis@teleworm.us;lazare.Louis;0690399359;m;98,Cours Marechal-Joffre DAX;40100;9;3;1950;XMnjcLd19fAP9
marielle;Masson;marielle.Masson@armyspy.com;marielle.Masson;0640543409;f;93,Place de la Madeleine PARIS;75012;9;14;1921;oJKpZ83I4tsO9
ermenegilde;Berube;ermenegilde.Berube@teleworm.us;ermenegilde.Berube;0604244756;m;53,boulevard Albin Durand CERGY;95000;9;14;1938;FZctKGArs14v9
gilbert;Dastous;gilbert.Dastous@rhyta.com;gilbert.Dastous;0601744215;m;64,Faubourg Saint Honore PARIS;75018;10;28;1945;6mpbYEw7rLMJ9
lucie;Quenneville;lucie.Quenneville@jourrapide.com;lucie.Quenneville;0672540224;f;4,rue des Lacs HeNIN-BEAUMONT;62110;9;3;1970;Ki6cL3IwWajt9
xavier;Fecteau;xavier.Fecteau@armyspy.com;xavier.Fecteau;0691886156;m;61,rue Leon Dierx LISIEUX;14100;7;26;1926;BxLp5QobhAJm9
leon;Camus;leon.Camus@dayrep.com;leon.Camus;0685814549;m;25,Faubourg Saint Honore PARIS;75018;5;26;1980;sKItdp6cuDN29
anne;Lagace;anne.Lagace@teleworm.us;anne.Lagace;0614538389;f;22,avenue Ferdinand de Lesseps GRANDE-SYNTHE;59760;12;1;1985;SJdl03IRigCc9
georges;Hebert;georges.Hebert@dayrep.com;georges.Hebert;0657486576;m;78,rue Michel Ange LE KREMLIN-BICeTRE;94270;3;11;1930;uyDQ1VopHGZJ9
ninette;Caouette;ninette.Caouette@dayrep.com;ninette.Caouette;0609388683;f;31,rue Jean Vilar BEAUVAIS;60000;4;13;1960;5ZB8KvF96XVo9
roch;Pelletier;roch.Pelletier@teleworm.us;roch.Pelletier;0669898559;m;53,Rue Joseph Vernet BAGNEUX;92220;12;2;1992;VFjqHuJNCftL9
evette;Pomerleau;evette.Pomerleau@jourrapide.com;evette.Pomerleau;0665960080;f;81,Place Charles de Gaulle VILLENEUVE-D'ASCQ;59491;9;14;1955;fpeFKD0OkIPH9
noemie;Duperre;noemie.Duperre@rhyta.com;noemie.Duperre;0648955636;f;94,rue Saint Germain GIF-SUR-YVETTE;91190;3;13;1969;Y1036XwjJht29
toinette;Houde;toinette.Houde@jourrapide.com;toinette.Houde;0607071982;f;17,Faubourg Saint Honore PARIS;75020;3;17;1978;kCD8YuasbHom9
gerard;Desilets;gerard.Desilets@rhyta.com;gerard.Desilets;0608461962;m;24,Place du Jeu de Paume VIENNE;38200;9;15;1977;4Bv8TFIKjPWe9
olivier;Forest;olivier.Forest@jourrapide.com;olivier.Forest;0635963746;m;22,rue Nationale PARIS;75007;6;24;1931;Aj0QgOKzYF7J9
leandre;Rivard;leandre.Rivard@dayrep.com;leandre.Rivard;0664281460;m;86,rue La Boetie PARIS;75013;5;20;1980;hnMDz0sI8eXN9
marin;Royer;marin.Royer@rhyta.com;marin.Royer;0697241577;m;30,boulevard de Prague NIORT;79000;11;25;1942;M4LQIy1HAn8E9
hector;Ailleboust;hector.Ailleboust@rhyta.com;hector.Ailleboust;0674059429;m;35,rue de Groussay RODEZ;12000;9;3;1972;9vN5Phar8okn9
nicolas;Beauchamps;nicolas.Beauchamps@armyspy.com;nicolas.Beauchamps;0604174895;m;3,boulevard Albin Durand CHALON-SUR-SAÔNE;71100;9;27;1980;ZyIUQ8Ru9TL29
pauline;Courcelle;pauline.Courcelle@teleworm.us;pauline.Courcelle;0633212038;f;56,Rue de Strasbourg CLICHY;92110;10;13;1987;Uk8Wmqzot7wJ9
yannic;Barteaux;yannic.Barteaux@armyspy.com;yannic.Barteaux;0632577509;m;76,rue de Groussay ROMAINVILLE;93230;4;28;1967;wvjiVcxFg26G9
dominique;Verreau;dominique.Verreau@armyspy.com;dominique.Verreau;0601928269;f;79,boulevard de Prague NÎMES;30000;3;18;1947;4JPVt9jbZARI9
yves;Saucier;yves.Saucier@jourrapide.com;yves.Saucier;0667812278;m;95,rue Adolphe Wurtz LE PLESSIS-ROBINSON;92350;9;7;1984;QaCw3x8kRrf09
cecile;Laurent;cecile.Laurent@dayrep.com;cecile.Laurent;0670506421;f;9,Place Napoleon LANESTER;56600;10;20;1984;v5YoMcgberQH9
corin;Veronneau;corin.Veronneau@armyspy.com;corin.Veronneau;0621367479;m;95,Chemin Des Bateliers ANGERS;49100;7;7;1988;2wlQC4RbEfkh9
aurelie;Franchet;aurelie.Franchet@jourrapide.com;aurelie.Franchet;0661608600;f;50,rue de la Hulotais SAINT-POL-SUR-MER;59430;10;5;1944;kq1MHI8KsDon9
frederique;Laframboise;frederique.Laframboise@teleworm.us;frederique.Laframboise;0651134901;f;72,rue Gontier-Patin AGDE;34300;4;5;1951;wg0TCPZy4MYa9
micheline;Lepicier;micheline.Lepicier@armyspy.com;micheline.Lepicier;0613843773;f;45,rue de la Boetie POITIERS;86000;8;21;1985;yeapQRlzYI1T9
maximilien;Mainville;maximilien.Mainville@armyspy.com;maximilien.Mainville;0609334753;m;54,rue du Faubourg National TARBES;65000;3;6;1968;JOFLvRQG0kK99
veronique;Duclos;veronique.Duclos@jourrapide.com;veronique.Duclos;0635001606;f;29,rue La Boetie PARIS;75015;8;1;1942;pascwP9Loieu9
benoit;Sicard;benoit.Sicard@jourrapide.com;benoit.Sicard;0607760403;m;50,Rue de Strasbourg CLICHY;92110;2;13;1997;EHTSfX7yFmOk9
florian;Marleau;florian.Marleau@rhyta.com;florian.Marleau;0634514848;m;23,Rue Hubert de Lisle LORMONT;33310;12;26;1969;MhYZA7VNQvzK9
loic;Barriere;loic.Barriere@rhyta.com;loic.Barriere;0626671631;m;94,Quai des Belges MEAUX;77100;8;10;1962;jP1vEaUrKtXN9
dianne;Louineaux;dianne.Louineaux@dayrep.com;dianne.Louineaux;0634690119;f;17,Rue de Verdun MONTGERON;91230;12;4;1986;rhQEnMst2UBx9
aurele;Royer;aurele.Royer@jourrapide.com;aurele.Royer;0612193730;m;61,place de Miremont VILLENEUVE-SAINT-GEORGES;94190;5;28;1941;RtOUAPvd4T1X9
laurentine;Louis;laurentine.Louis@dayrep.com;laurentine.Louis;0691342199;f;47,rue de l'Epeule ROUEN;76100;10;15;1996;NCZ3B4VXlTL09
aude;Paquette;aude.Paquette@jourrapide.com;aude.Paquette;0670468557;f;56,rue Lenotre REIMS;51100;2;24;1991;tHZFXURqOmy49
rodrigue;Ricard;rodrigue.Ricard@rhyta.com;rodrigue.Ricard;0604788393;m;75,avenue du Marechal Juin SAINT-LEU;97436;6;8;1990;WUIsH5CgSRN49
yvonne;Lafontaine;yvonne.Lafontaine@armyspy.com;yvonne.Lafontaine;0602640428;f;49,Chemin des Bateliers ALBI;81000;12;6;1966;kh0eMC3ztf1F9
camille;Achin;camille.Achin@rhyta.com;camille.Achin;0627450209;f;82,rue Bonneterie MIRAMAS;13140;6;9;1983;2637R1JbDUdh9
olivie;Soucy;olivie.Soucy@rhyta.com;olivie.Soucy;0699301163;f;17,avenue du Marechal Juin SAINT-LÔ;50000;2;6;1926;9icPqpyMt6ED9
juliane;Pitre;juliane.Pitre@dayrep.com;juliane.Pitre;0676759505;f;60,rue des Soeurs LA COURNEUVE;93120;7;19;1961;Xml7KW1wOtjr9
dorothee;Gauvin;dorothee.Gauvin@teleworm.us;dorothee.Gauvin;0699181216;f;12,avenue de Bouvines SEDAN;08200;7;13;1984;mOM8zXNqaZBx9
colette;Cantin;colette.Cantin@teleworm.us;colette.Cantin;0696019618;f;71,rue Adolphe Wurtz LE PORT;97420;5;24;1991;hxJgcMCwrOsT9
theo;Pariseau;theo.Pariseau@rhyta.com;theo.Pariseau;0604221490;m;99,Rue de Verdun MONT-DE-MARSAN;40000;2;10;1978;1JcDtQHfP7qS9
marceline;Lagueux;marceline.Lagueux@jourrapide.com;marceline.Lagueux;0689351361;f;47,rue Jean Vilar BESANÇON;25000;9;6;1985;mYJpx0i9v4cb9
violette;Hughes;violette.Hughes@jourrapide.com;violette.Hughes;0685149377;f;88,rue Grande Fusterie BRUAY-LA-BUISSIeRE;62700;11;22;1961;McUD2YKHC65n9
jolie;Drouin;jolie.Drouin@rhyta.com;jolie.Drouin;0659571093;f;46,rue Porte d'Orange CAYENNE;97300;4;2;1974;ZGt02Eq3I4L69
nicolette;Guertin;nicolette.Guertin@armyspy.com;nicolette.Guertin;0672796749;f;9,Place de la Madeleine PARIS;75012;5;10;1929;1F3jUWTw29Nq9
marcellin;Roussel;marcellin.Roussel@teleworm.us;marcellin.Roussel;0681416679;m;29,rue Victor Hugo COUDEKERQUE-BRANCHE;59210;2;21;1955;kqA8Ny0LSnTI9
fabiola;Grenier;fabiola.Grenier@armyspy.com;fabiola.Grenier;0621628247;f;2,rue des six freres Ruellan SANNOIS;95110;9;14;1962;PLv173OXBYEf9
angeline;Cantin;angeline.Cantin@armyspy.com;angeline.Cantin;0674608785;f;96,rue Michel Ange LE KREMLIN-BICeTRE;94270;3;20;1970;f2d10VB6zaDK9
corin;Pitre;corin.Pitre@dayrep.com;corin.Pitre;0621318894;m;25,rue Nationale PARIS;75005;3;23;1971;SngC910oQmzX9
christine;Migneault;christine.Migneault@rhyta.com;christine.Migneault;0634574656;f;28,Avenue De Marlioz ARGENTEUIL;95100;4;7;1973;2qmPzOJL9rou9
clemence;Fortin;clemence.Fortin@rhyta.com;clemence.Fortin;0649355197;f;30,rue Pierre De Coubertin TOULOUSE;31400;3;28;1986;3U01nA96qudD9
oceane;Harquin;oceane.Harquin@armyspy.com;oceane.Harquin;0609263444;f;4,rue de la Boetie PLAISIR;78370;10;19;1941;t9xhCrzNfIKF9
josiane;Du;josiane.Du@teleworm.us;josiane.Du;0614444634;f;44,boulevard Albin Durand CERGY;95800;8;10;1945;nN6Qb9rfuVLT9
heloise;Deserres;heloise.Deserres@rhyta.com;heloise.Deserres;0626458044;f;26,rue Nationale PARIS;75006;10;24;1970;N3gup2YeFcXU9
roxane;Bisaillon;roxane.Bisaillon@dayrep.com;roxane.Bisaillon;0601902484;f;68,rue du Château SAINT-GERMAIN-EN-LAYE;78100;3;9;1931;E3rS0W5ax7cj9
arlette;Poulin;arlette.Poulin@rhyta.com;arlette.Poulin;0637402961;f;4,Place Napoleon LE BLANC-MESNIL;93150;1;11;1974;LyMbCsPBeuok9
yanick;Ricard;yanick.Ricard@armyspy.com;yanick.Ricard;0681374568;m;61,Rue Frederic Chopin VERSAILLES;78000;7;22;1992;0gNxSU2Cyqru9
orianne;Parent;orianne.Parent@rhyta.com;orianne.Parent;0618315754;f;10,Quai des Belges MARSEILLE;13016;4;11;1974;fPEo4AZwh6HO9
eliane;Berthelette;eliane.Berthelette@armyspy.com;eliane.Berthelette;0661268781;f;51,rue Grande Fusterie BRUAY-LA-BUISSIeRE;62700;4;24;1921;KMDxTzCjic1k9
clemence;Gaudreau;clemence.Gaudreau@dayrep.com;clemence.Gaudreau;0658482809;f;24,rue Adolphe Wurtz LE ROBERT;97231;11;13;1936;DYdRxVhbgBnP9
yanick;Brault;yanick.Brault@armyspy.com;yanick.Brault;0656760935;m;57,Avenue Millies Lacroix DUNKERQUE;59640;9;13;1961;VG5fQ7v4Wxw89
gervaise;Houde;gervaise.Houde@jourrapide.com;gervaise.Houde;0615062164;f;10,place Stanislas NANTERRE;92000;11;15;1927;SnK5Y4Ubzlh79
stephane;Desnoyer;stephane.Desnoyer@teleworm.us;stephane.Desnoyer;0656696804;m;15,rue de la Hulotais SAINT-PRIEST;69800;2;19;1942;Bn30Zevp9Yq29
albert;Laprise;albert.Laprise@rhyta.com;albert.Laprise;0696595367;m;23,rue du Gue Jacquet CHÂTENAY-MALABRY;92290;10;15;1966;9LfdcNnmPvg59
julienne;Leroux;julienne.Leroux@rhyta.com;julienne.Leroux;0605439850;f;51,Place de la Madeleine PARIS;75009;1;27;1939;6HU24InyQWJB9
berthe;Patry;berthe.Patry@rhyta.com;berthe.Patry;0636716926;f;95,Rue du Limas BEAUNE;21200;5;5;1931;4OAySfD8E0B99
sarah;Faucher;sarah.Faucher@dayrep.com;sarah.Faucher;0690916947;f;31,rue Descartes STRASBOURG;67200;11;22;1942;VR3q56c97LZN9
marc;Viens;marc.Viens@jourrapide.com;marc.Viens;0607772106;m;88,avenue Jean Portalis TRAPPES;78190;2;18;1946;dOgBPp80r1hn9
helene;Lussier;helene.Lussier@rhyta.com;helene.Lussier;0686948795;f;90,Rue Joseph Vernet BAGNOLET;93170;7;14;1921;bvAOrU25pYdT9
odile;Poirier;odile.Poirier@teleworm.us;odile.Poirier;0641280762;f;93,rue Porte d'Orange CARPENTRAS;84200;10;10;1998;nNjsXyp7Auq19
zephyrine;Meilleur;zephyrine.Meilleur@rhyta.com;zephyrine.Meilleur;0657050009;f;5,Rue du Palais eTAMPES;91150;8;22;1940;25UAe0gGNj7l9
pierrick;Pouchard;pierrick.Pouchard@teleworm.us;pierrick.Pouchard;0690275451;m;40,rue de la Boetie PLAISIR;78370;12;25;1989;aBDVrj8z6xwf9
emile;Varieur;emile.Varieur@jourrapide.com;emile.Varieur;0606171880;m;46,Place de la Madeleine PARIS;75012;9;19;1978;rubiaClWJmtX9
juliane;Du;juliane.Du@armyspy.com;juliane.Du;0680522346;f;39,rue de la Mare aux Carats MONTPELLIER;34090;5;24;1954;neQc5pvw0F329
9